Date_Number,Begin_Date_Number,Begin_Time(UTC),Begin_Year,Begin_Month,Begin_Day,Begin_Time,Flare_Date_Number,Flare_Max(UTC),Flare_Month,Flare_Day,Flare_Time,Max_Date_Number,Max_Time(UTC),Max_Year,Max_Month,Max_Day,Max_Time,Flare_Level,>10MeV_Max(pfu),0000,0300,0600,0900,1200,1500,1800,2100,Kp_Sum,Kp_Class,Flare_Class,Proton_class
19760430,197604302120,1976 04/30 2120,1976,4,30,2120,,2B 4/30 2114,,,,197605011700.0,1976 05/01 1700,1976,5,1,1700.0,X2,12,0.0,0.0,0.0,0.0,0.0,0.0,0.0,0.0,0.0,0,3.0,1.0
19770919,197709191430,1977 09/19 1430,1977,9,19,1430,197709191054.0,3B 09/19 1054,9.0,19.0,1054.0,197709192130.0,1977 09/19 2130,1977,9,19,2130.0,X2,200,0.0,0.0,0.0,0.0,0.0,0.0,0.0,0.0,0.0,0,3.0,2.0
19771122,197711221400,1977 11/22 1400,1977,11,22,1400,197711221006.0,2N 11/22 1006,11.0,22.0,1006.0,197711221800.0,1977 11/22 1800,1977,11,22,1800.0,X1,160,0.0,0.0,0.0,0.0,0.0,0.0,0.0,0.0,0.0,0,3.0,2.0
19780213,197802130930,1978 02/13 0930,1978,2,13,930,197802130255.0,0B 02/13 0255,2.0,13.0,255.0,197802141000.0,1978 02/14 1000,1978,2,14,1000.0,M7,850,0.0,0.0,0.0,0.0,0.0,0.0,0.0,0.0,0.0,0,2.0,2.0
19780411,197804111530,1978 04/11 1530,1978,4,11,1530,,2B 0411 1353,,,,197804111630.0,1978 04/11 1630,1978,4,11,1630.0,X2,65,0.0,0.0,0.0,0.0,0.0,0.0,0.0,0.0,0.0,0,3.0,1.0
19780429,197804290445,1978 04/29 0445,1978,4,29,445,197804281306.0,4B 04/28 1306,4.0,28.0,1306.0,197804302000.0,1978 04/30 2000,1978,4,30,2000.0,X5,1000,0.0,0.0,0.0,0.0,0.0,0.0,0.0,0.0,0.0,0,3.0,3.0
19780507,197805070420,1978 05/07 0420,1978,5,7,420,197805070330.0,2B 05/07 0330,5.0,7.0,330.0,197805070420.0,1978 05/07 0420,1978,5,7,420.0,X2,100,0.0,0.0,0.0,0.0,0.0,0.0,0.0,0.0,0.0,0,3.0,2.0
19780602,197806020730,1978 06/02 0730,1978,6,2,730,197805311009.0,2B 05/31 1009,5.0,31.0,1009.0,197806020935.0,1978 06/02 0935,1978,6,2,935.0,M5,19,0.0,0.0,0.0,0.0,0.0,0.0,0.0,0.0,0.0,0,2.0,1.0
19780624,197806240900,1978 06/24 0900,1978,6,24,900,197806221709.0,3B 06/22 1709,6.0,22.0,1709.0,197806250230.0,1978 06/25 0230,1978,6,25,230.0,M2,25,0.0,0.0,0.0,0.0,0.0,0.0,0.0,0.0,0.0,0,1.0,1.0
19780713,197807130300,1978 07/13 0300,1978,7,13,300,,,,,,197807131000.0,1978 07/13 1000,1978,7,13,1000.0,,20,0.0,0.0,0.0,0.0,0.0,0.0,0.0,0.0,0.0,0,,1.0
19780923,197809231035,1978 09/23 1035,1978,9,23,1035,197809231023.0,3B 09/23 1023,9.0,23.0,1023.0,197809240400.0,1978 09/24 0400,1978,9,24,400.0,X1,2200,0.0,0.0,0.0,0.0,0.0,0.0,0.0,0.0,0.0,0,3.0,3.0
19781110,197811102130,1978 11/10 2130,1978,11,10,2130,197811100042.0,2N 11/10 0042,11.0,10.0,42.0,197811102205.0,1978 11/10 2205,1978,11,10,2205.0,M1,38,0.0,0.0,0.0,0.0,0.0,0.0,0.0,0.0,0.0,0,1.0,1.0
19790217,197902172020,1979 02/17 2020,1979,2,17,2020,197902160200.0,2B 02/16 0200,2.0,16.0,200.0,197902172205.0,1979 02/17 2205,1979,2,17,2205.0,X2,31,0.0,0.0,0.0,0.0,0.0,0.0,0.0,0.0,0.0,0,3.0,1.0
19790403,197904031600,1979 04/03 1600,1979,4,3,1600,,,,,,197904032310.0,1979 04/03 2310,1979,4,3,2310.0,,45,0.0,0.0,0.0,0.0,0.0,0.0,0.0,0.0,0.0,0,,1.0
19790606,197906061850,1979 06/06 1850,1979,6,6,1850,197906050529.0,1N 06/05 0529,6.0,5.0,529.0,197906070005.0,1979 06/07 0005,1979,6,7,5.0,X2,950,0.0,0.0,0.0,0.0,0.0,0.0,0.0,0.0,0.0,0,3.0,2.0
19790707,197907070015,1979 07/07 0015,1979,7,7,15,,,,,,,1979 07/07/1010,1979,7,7,,,50,0.0,0.0,0.0,0.0,0.0,0.0,0.0,0.0,0.0,0,,1.0
19790819,197908190850,1979 08/19 0850,1979,8,19,850,197908181416.0,1B 08/18 1416,8.0,18.0,1416.0,197908210740.0,1979 08/21 0740,1979,8,21,740.0,X6,500,0.0,0.0,0.0,0.0,0.0,0.0,0.0,0.0,0.0,0,3.0,2.0
19790915,197909151500,1979 09/15 1500,1979,9,15,1500,197909140802.0,N/A 09/14 0802,9.0,14.0,802.0,197909161200.0,1979 09/16 1200,1979,9,16,1200.0,X2,60,0.0,0.0,0.0,0.0,0.0,0.0,0.0,0.0,0.0,0,3.0,1.0
19791116,197911160430,1979 11/16 0430,1979,11,16,430,197911151639.0,0B 11/15 1639,11.0,15.0,1639.0,197911161300.0,1979 11/16 1300,1979,11,16,1300.0,M1,75,0.0,0.0,0.0,0.0,0.0,0.0,0.0,0.0,0.0,0,1.0,1.0
19800206,198002061340,1980 02/06 1340,1980,2,6,1340,,,,,,198002061850.0,1980 02/06 1850,1980,2,6,1850.0,,12,0.0,0.0,0.0,0.0,0.0,0.0,0.0,0.0,0.0,0,,1.0
19800717,198007172300,1980 07/17 2300,1980,7,17,2300,198007170603.0,1B 07/17 0603,7.0,17.0,603.0,198007191930.0,1980 07/19 1930,1980,7,19,1930.0,M3,100,0.0,0.0,0.0,0.0,0.0,0.0,0.0,0.0,0.0,0,1.0,2.0
19810330,198103300900,1981 03/30 0900,1981,3,30,900,198103300049.0,2N 03/30 0049,3.0,30.0,49.0,198103302115.0,1981 03/30 2115,1981,3,30,2115.0,M3,30,0.0,0.0,0.0,0.0,0.0,0.0,0.0,0.0,0.0,0,1.0,1.0
19810410,198104101745,1981 04/10 1745,1981,4,10,1745,198104101655.0,3B 04/10 1655,4.0,10.0,1655.0,198104111400.0,1981 04/11 1400,1981,4,11,1400.0,X2,50,0.0,0.0,0.0,0.0,0.0,0.0,0.0,0.0,0.0,0,3.0,1.0
19810424,198104241515,1981 04/24 1515,1981,4,24,1515,198104241400.0,2B 04/24 1400,4.0,24.0,1400.0,198104242330.0,1981 04/24 2330,1981,4,24,2330.0,X5,160,0.0,0.0,0.0,0.0,0.0,0.0,0.0,0.0,0.0,0,3.0,2.0
19810509,198105091200,1981 05/09 1200,1981,5,9,1200,198105082252.0,2B 05/08 2252,5.0,8.0,2252.0,198105102130.0,1981 05/10 2130,1981,5,10,2130.0,M7,150,0.0,0.0,0.0,0.0,0.0,0.0,0.0,0.0,0.0,0,2.0,2.0
19810515,198105150300,1981 05/15 0300,1981,5,15,300,198105130425.0,3B 05/13 0425,5.0,13.0,425.0,198105161950.0,1981 05/16 1950,1981,5,16,1950.0,X1,130,0.0,0.0,0.0,0.0,0.0,0.0,0.0,0.0,0.0,0,3.0,2.0
19810720,198107201430,1981 07/20 1430,1981,7,20,1430,198107201329.0,1B 07/20 1329,7.0,20.0,1329.0,198107201825.0,1981 07/20 1825,1981,7,20,1825.0,M5,100,0.0,0.0,0.0,0.0,0.0,0.0,0.0,0.0,0.0,0,2.0,2.0
19810725,198107250600,1981 07/25 0600,1981,7,25,600,,,,,,198107251320.0,1981 07/25 1320,1981,7,25,1320.0,,18,0.0,0.0,0.0,0.0,0.0,0.0,0.0,0.0,0.0,0,,1.0
19810810,198108100115,1981 08/10 0115,1981,8,10,115,198108071916.0,2B 08/07 1916,8.0,7.0,1916.0,198108100435.0,1981 08/10 0435,1981,8,10,435.0,M4,57,0.0,0.0,0.0,0.0,0.0,0.0,0.0,0.0,0.0,0,1.0,1.0
19811008,198110081235,1981 10/08 1235,1981,10,8,1235,198110072308.0,1B 10/07 2308,10.0,7.0,2308.0,198110132247.0,1981 10/13 2247,1981,10,13,2247.0,X3,2000,0.0,0.0,0.0,0.0,0.0,0.0,0.0,0.0,0.0,0,3.0,3.0
19811210,198112100545,1981 12/10 0545,1981,12,10,545,198112091854.0,3B 12/09 1854,12.0,9.0,1854.0,198112110900.0,1981 12/11 0900,1981,12,11,900.0,M5,65,0.0,0.0,0.0,0.0,0.0,0.0,0.0,0.0,0.0,0,2.0,1.0
19820131,198201310055,1982 01/31 0055,1982,1,31,55,198201302358.0,3B 01/30 2358,1.0,30.0,2358.0,198201311630.0,1982 01/31 1630,1982,1,31,1630.0,X1,830,0.0,0.0,0.0,0.0,0.0,0.0,0.0,0.0,0.0,0,3.0,2.0
19820606,198206060245,1982 06/06 0245,1982,6,6,245,198206031146.0,2B 06/03 1146,6.0,3.0,1146.0,198206060245.0,1982 06/06 0245,1982,6,6,245.0,X8,10,0.0,0.0,0.0,0.0,0.0,0.0,0.0,0.0,0.0,0,3.0,
19820609,198206090040,1982 06/09 0040,1982,6,9,40,198206061654.0,3B 06/06 1654,6.0,6.0,1654.0,198206090510.0,1982 06/09 0510,1982,6,9,510.0,X12,30,0.0,0.0,0.0,0.0,0.0,0.0,0.0,0.0,0.0,0,4.0,1.0
19820711,198207110700,1982 07/11 0700,1982,7,11,700,198207090742.0,3B 07/09 0742,7.0,9.0,742.0,198207131615.0,1982 07/13 1615,1982,7,13,1615.0,X9,2900,0.0,0.0,0.0,0.0,0.0,0.0,0.0,0.0,0.0,0,3.0,3.0
19820722,198207222030,1982 07/22 2030,1982,7,22,2030,198207221734.0,0F 07/22 1734,7.0,22.0,1734.0,198207230220.0,1982 07/23 0220,1982,7,23,220.0,M4,240,0.0,0.0,0.0,0.0,0.0,0.0,0.0,0.0,0.0,0,1.0,2.0
19820905,198209052205,1982 09/05 2205,1982,9,5,2205,198209040400.0,3N 09/04 0400,9.0,4.0,400.0,198209060100.0,1982 09/06 0100,1982,9,6,100.0,M4,66,0.0,0.0,0.0,0.0,0.0,0.0,0.0,0.0,0.0,0,1.0,1.0
19821122,198211221940,1982 11/22 1940,1982,11,22,1940,198211221828.0,1N 11/22 1828,11.0,22.0,1828.0,198211222140.0,1982 11/22 2140,1982,11,22,2140.0,M7,40,0.0,0.0,0.0,0.0,0.0,0.0,0.0,0.0,0.0,0,2.0,1.0
19821126,198211260605,1982 11/26 0605,1982,11,26,605,198211260253.0,2B 11/26 0253,11.0,26.0,253.0,198211261500.0,1982 11/26 1500,1982,11,26,1500.0,X4,25,0.0,0.0,0.0,0.0,0.0,0.0,0.0,0.0,0.0,0,3.0,1.0
19821208,198212080010,1982 12/08 0010,1982,12,8,10,198212072354.0,1B 12/07 2354,12.0,7.0,2354.0,198212081000.0,1982 12/08 1000,1982,12,8,1000.0,X2,1000,0.0,0.0,0.0,0.0,0.0,0.0,0.0,0.0,0.0,0,3.0,3.0
19821217,198212171845,1982 12/17 1845,1982,12,17,1845,198212150202.0,2B 12/15 0202,12.0,15.0,202.0,198212180945.0,1982 12/18 0945,1982,12,18,945.0,X12,130,0.0,0.0,0.0,0.0,0.0,0.0,0.0,0.0,0.0,0,4.0,2.0
19821219,198212191920,1982 12/19 1920,1982,12,19,1920,198212191624.0,2B 12/19 1624,12.0,19.0,1624.0,198212200515.0,1982 12/20 0515,1982,12,20,515.0,M9,85,0.0,0.0,0.0,0.0,0.0,0.0,0.0,0.0,0.0,0,2.0,1.0
19821227,198212270600,1982 12/27 0600,1982,12,27,600,198212250752.0,1B 12/25 0752,12.0,25.0,752.0,198212271345.0,1982 12/27 1345,1982,12,27,1345.0,X2,190,0.0,0.0,0.0,0.0,0.0,0.0,0.0,0.0,0.0,0,3.0,2.0
19830203,198302031200,1983 02/03 1200,1983,2,3,1200,198302030619.0,3B 02/03 0619,2.0,3.0,619.0,198302041620.0,1983 02/04 1620,1983,2,4,1620.0,X4,340,0.0,0.0,0.0,0.0,0.0,0.0,0.0,0.0,0.0,0,3.0,2.0
19830615,198306150435,1983 06/15 0435,1983,6,15,435,,A 06/14,,,,198306151800.0,1983 06/15 1800,1983,6,15,1800.0,N,18,0.0,0.0,0.0,0.0,0.0,0.0,0.0,0.0,0.0,0,,1.0
19840216,198402160915,1984 02/16 0915,1984,2,16,915,,,,,,198402161005.0,1984 02/16 1005,1984,2,16,1005.0,,660,0.0,0.0,0.0,0.0,0.0,0.0,0.0,0.0,0.0,0,,2.0
19840219,198402191310,1984 02/19 1310,1984,2,19,1310,198402172301.0,2B 02/17 2301,2.0,17.0,2301.0,198402211415.0,1984 02/21 1415,1984,2,21,1415.0,X2,55,0.0,0.0,0.0,0.0,0.0,0.0,0.0,0.0,0.0,0,3.0,1.0
19840313,198403131440,1984 03/13 1440,1984,3,13,1440,,,,,,198403131450.0,1984 03/13 1450,1984,3,13,1450.0,,10,0.0,0.0,0.0,0.0,0.0,0.0,0.0,0.0,0.0,0,,
19840314,198403140405,1984 03/14 0405,1984,3,14,405,198403140334.0,1B 03/14 0334,3.0,14.0,334.0,198403140505.0,1984 03/14 0505,1984,3,14,505.0,M2,100,0.0,0.0,0.0,0.0,0.0,0.0,0.0,0.0,0.0,0,1.0,2.0
19840425,198404251330,1984 04/25 1330,1984,4,25,1330,198404250025.0,3B 04/25 0025,4.0,25.0,25.0,198404261420.0,1984 04/26 1420,1984,4,26,1420.0,X13,2500,0.0,0.0,0.0,0.0,0.0,0.0,0.0,0.0,0.0,0,4.0,3.0
19840524,198405241045,1984 05/24 1045,1984,5,24,1045,198405221503.0,2B 05/22 1503,5.0,22.0,1503.0,198405241140.0,1984 05/24 1140,1984,5,24,1140.0,M6,31,0.0,0.0,0.0,0.0,0.0,0.0,0.0,0.0,0.0,0,2.0,1.0
19840531,198405311315,1984 05/31 1315,1984,5,31,1315,198405311142.0,?? 05/31 1142,5.0,31.0,1142.0,198405311415.0,1984 05/31 1415,1984,5,31,1415.0,M1,14,0.0,0.0,0.0,0.0,0.0,0.0,0.0,0.0,0.0,0,1.0,1.0
19850122,198501220415,1985 01/22 0415,1985,1,22,415,198501212350.0,2B 01/21 2350,1.0,21.0,2350.0,198501220550.0,1985 01/22 0550,1985,1,22,550.0,X4,14,0.0,0.0,0.0,0.0,0.0,0.0,0.0,0.0,0.0,0,3.0,1.0
19850425,198504251430,1985 04/25 1430,1985,4,25,1430,198504240935.0,3B 04/24 0935,4.0,24.0,935.0,198504260600.0,1985 04/26 0600,1985,4,26,600.0,X1,160,0.0,0.0,0.0,0.0,0.0,0.0,0.0,0.0,0.0,0,3.0,2.0
19850709,198507090235,1985 07/09 0235,1985,7,9,235,198507090204.0,1B 07/09 0204,7.0,9.0,204.0,198507090325.0,1985 07/09 0325,1985,7,9,325.0,M2,140,0.0,0.0,0.0,0.0,0.0,0.0,0.0,0.0,0.0,0,1.0,2.0
19860206,198602060825,1986 02/06 0825,1986,2,6,825,198602060625.0,3B 02/06 0625,2.0,6.0,625.0,198602071730.0,1986 02/07 1730,1986,2,7,1730.0,X1,50,0.0,0.0,0.0,0.0,0.0,0.0,0.0,0.0,0.0,0,3.0,1.0
19860207,198602071310,1986 02/07 1310,1986,2,7,1310,198602070913.0,2B 02/07 0913,2.0,7.0,913.0,198602071750.0,1986 02/07 1750,1986,2,7,1750.0,M5,77,0.0,0.0,0.0,0.0,0.0,0.0,0.0,0.0,0.0,0,2.0,1.0
19860214,198602141455,1986 02/14 1455,1986,2,14,1455,198602140929.0,1N 02/14 0929,2.0,14.0,929.0,198602142110.0,1986 02/14 2110,1986,2,14,2110.0,M6,111,0.0,0.0,0.0,0.0,0.0,0.0,0.0,0.0,0.0,0,2.0,2.0
19860306,198603061835,1986 03/06 1835,1986,3,6,1835,198603061703.0,1F 03/06 1703,3.0,6.0,1703.0,198603061930.0,1986 03/06 1930,1986,3,6,1930.0,C4,13,0.0,0.0,0.0,0.0,0.0,0.0,0.0,0.0,0.0,0,0.0,1.0
19860504,198605041835,1986 05/04 1835,1986,5,4,1835,,,,,,198605041930.0,1986 05/04 1930,1986,5,4,1930.0,,16,0.0,0.0,0.0,0.0,0.0,0.0,0.0,0.0,0.0,0,,1.0
19871108,198711080145,1987 11/08 0145,1987,11,8,145,198711072013.0,N/A 11/07 2013,11.0,7.0,2013.0,198711080945.0,1987 11/08 0945,1987,11,8,945.0,M1,41,0.0,0.0,0.0,0.0,0.0,0.0,0.0,0.0,0.0,0,1.0,1.0
19880103,198801030100,1988 01/03 0100,1988,1,3,100,198801022144.0,3B 01/02 2144,1.0,2.0,2144.0,198801030730.0,1988 01/03 0730,1988,1,3,730.0,X1,32,0.0,0.0,0.0,0.0,0.0,0.0,0.0,0.0,0.0,0,3.0,1.0
19880325,198803252250,1988 03/25 2250,1988,3,25,2250,198803252153.0,N/A 03/25 2153,3.0,25.0,2153.0,198803252310.0,1988 03/25 2310,1988,3,25,2310.0,C4,33,0.0,0.0,0.0,0.0,0.0,0.0,0.0,0.0,0.0,0,0.0,1.0
19880630,198806301125,1988 06/30 1125,1988,6,30,1125,198806300905.0,2B 06/30 0905,6.0,30.0,905.0,198806301135.0,1988 06/30 1135,1988,6,30,1135.0,M9,12,0.0,0.0,0.0,0.0,0.0,0.0,0.0,0.0,0.0,0,2.0,1.0
19880826,198808260030,1988 08/26 0030,1988,8,26,30,198808231735.0,SF 08/23 1735,8.0,23.0,1735.0,198808260045.0,1988 08/26 0045,1988,8,26,45.0,M2,12,0.0,0.0,0.0,0.0,0.0,0.0,0.0,0.0,0.0,0,1.0,1.0
19881012,198810120920,1988 10/12 0920,1988,10,12,920,,,,,,198810120930.0,1988 10/12 0930,1988,10,12,930.0,,12,0.0,0.0,0.0,0.0,0.0,0.0,0.0,0.0,0.0,0,,1.0
19881108,198811082225,1988 11/08 2225,1988,11,8,2225,,,,,,198811090810.0,1988 11/09 0810,1988,11,9,810.0,,13,0.0,0.0,0.0,0.0,0.0,0.0,0.0,0.0,0.0,0,,1.0
19881114,198811140130,1988 11/14 0130,1988,11,14,130,,,,,,198811140310.0,1988 11/14 0310,1988,11,14,310.0,,13,0.0,0.0,0.0,0.0,0.0,0.0,0.0,0.0,0.0,0,,1.0
19881217,198812172220,1988 12/17 2220,1988,12,17,2220,198812160845.0,1B 12/16 0845,12.0,16.0,845.0,198812180150.0,1988 12/18 0150,1988,12,18,150.0,X4,12,0.0,0.0,0.0,0.0,0.0,0.0,0.0,0.0,0.0,0,3.0,1.0
19890104,198901042305,1989 01/04 2305,1989,1,4,2305,,,,,,198901050130.0,1989 01/05 0130,1989,1,5,130.0,,28,0.0,0.0,0.0,0.0,0.0,0.0,0.0,0.0,0.0,0,,1.0
19890308,198903081755,1989 03/08 1755,1989,3,8,1755,198903061406.0,3B 03/06 1406,3.0,6.0,1406.0,198903100000.0,1989 03/10 0000,1989,3,10,0.0,X15,137,0.0,0.0,0.0,0.0,0.0,0.0,0.0,0.0,0.0,0,4.0,2.0
19890310,198903102205,1989 03/10 2205,1989,3,10,2205,198903171744.0,3B 03/17 1744,3.0,17.0,1744.0,198903130645.0,1989 03/13 0645,1989,3,13,645.0,X4,1860,0.0,0.0,0.0,0.0,0.0,0.0,0.0,0.0,0.0,0,3.0,3.0
19890317,198903171900,1989 03/17 1900,1989,3,17,1900,198903171743.0,2B 03/17 1743,3.0,17.0,1743.0,198903180920.0,1989 03/18 0920,1989,3,18,920.0,X6,1250,0.0,0.0,0.0,0.0,0.0,0.0,0.0,0.0,0.0,0,3.0,3.0
19890323,198903232055,1989 03/23 2055,1989,3,23,2055,198903231958.0,3B 03/23 1958,3.0,23.0,1958.0,198903232220.0,1989 03/23 2220,1989,3,23,2220.0,X1,29,0.0,0.0,0.0,0.0,0.0,0.0,0.0,0.0,0.0,0,3.0,1.0
19890411,198904111555,1989 04/11 1555,1989,4,11,1555,198904102323.0,SF 04/10 2323,4.0,10.0,2323.0,198904120005.0,1989 04/12 0005,1989,4,12,5.0,M1,218,0.0,0.0,0.0,0.0,0.0,0.0,0.0,0.0,0.0,0,1.0,2.0
19890505,198905050905,1989 05/05 0905,1989,5,5,905,,,,,,198905051000.0,1989 05/05 1000,1989,5,5,1000.0,,27,0.0,0.0,0.0,0.0,0.0,0.0,0.0,0.0,0.0,0,,1.0
19890506,198905060615,1989 05/06 0615,1989,5,6,615,198905050736.0,3B 05/05 0736,5.0,5.0,736.0,198905061055.0,1989 05/06 1055,1989,5,6,1055.0,X2,47,0.0,0.0,0.0,0.0,0.0,0.0,0.0,0.0,0.0,0,3.0,1.0
19890523,198905231135,1989 05/23 1135,1989,5,23,1135,,,,,,198905231358.0,1989 05/23 1358,1989,5,23,1358.0,,68,0.0,0.0,0.0,0.0,0.0,0.0,0.0,0.0,0.0,0,,1.0
19890524,198905240730,1989 05/24 0730,1989,5,24,730,,,,,,198905240905.0,1989 05/24 0905,1989,5,24,905.0,,15,0.0,0.0,0.0,0.0,0.0,0.0,0.0,0.0,0.0,0,,1.0
19890618,198906181650,1989 06/18 1650,1989,6,18,1650,,,,,,198906181910.0,1989 06/18 1910,1989,6,18,1910.0,,18,0.0,0.0,0.0,0.0,0.0,0.0,0.0,0.0,0.0,0,,1.0
19890630,198906300655,1989 06/30 0655,1989,6,30,655,,,,,,198906300710.0,1989 06/30 0710,1989,6,30,710.0,,17,0.0,0.0,0.0,0.0,0.0,0.0,0.0,0.0,0.0,0,,1.0
19890701,198907010655,1989 07/01 0655,1989,7,1,655,,,,,,198907010720.0,1989 07/01 0720,1989,7,1,720.0,,17,0.0,0.0,0.0,0.0,0.0,0.0,0.0,0.0,0.0,0,,1.0
19890725,198907250935,1989 07/25 0935,1989,7,25,935,198907250843.0,2N 07/25 0843,7.0,25.0,843.0,198907251220.0,1989 07/25 1220,1989,7,25,1220.0,X2,32,0.0,0.0,0.0,0.0,0.0,0.0,0.0,0.0,0.0,0,3.0,1.0
19890812,198908121620,1989 08/12 1620,1989,8,12,1620,198908121426.0,2B 08/12 1426,8.0,12.0,1426.0,198908130705.0,1989 08/13 0705,1989,8,13,705.0,X2,6550,0.0,0.0,0.0,0.0,0.0,0.0,0.0,0.0,0.0,0,3.0,3.0
19890815,198908150620,1989 08/15 0620,1989,8,15,620,198906150313.0,SF 06/15 0313,6.0,15.0,313.0,198908151725.0,1989 08/15 1725,1989,8,15,1725.0,X1,351,0.0,0.0,0.0,0.0,0.0,0.0,0.0,0.0,0.0,0,3.0,2.0
19890816,198908160125,1989 08/16 0125,1989,8,16,125,198908160123.0,2N 08/16 0123,8.0,16.0,123.0,198908161425.0,1989 08/16 1425,1989,8,16,1425.0,X20,1430,0.0,0.0,0.0,0.0,0.0,0.0,0.0,0.0,0.0,0,5.0,3.0
19890817,198908170615,1989 08/17 0615,1989,8,17,615,198908170121.0,SF 08/17 0121,8.0,17.0,121.0,198908170945.0,1989 08/17 0945,1989,8,17,945.0,X2,986,0.0,0.0,0.0,0.0,0.0,0.0,0.0,0.0,0.0,0,3.0,2.0
19890819,198908191725,1989 08/19 1725,1989,8,19,1725,198908192008.0,N/A 08/19 2008,8.0,19.0,2008.0,198908200155.0,1989 08/20 0155,1989,8,20,155.0,C8,258,0.0,0.0,0.0,0.0,0.0,0.0,0.0,0.0,0.0,0,0.0,2.0
19890904,198909040240,1989 09/04 0240,1989,9,4,240,198909031431.0,1B 09/03 1431,9.0,3.0,1431.0,198909040920.0,1989 09/04 0920,1989,9,4,920.0,X1,16,0.0,0.0,0.0,0.0,0.0,0.0,0.0,0.0,0.0,0,3.0,1.0
19890912,198909122210,1989 09/12 2210,1989,9,12,2210,198909120814.0,N/A 09/12 0814,9.0,12.0,814.0,198909130825.0,1989 09/13 0825,1989,9,13,825.0,M5,32,0.0,0.0,0.0,0.0,0.0,0.0,0.0,0.0,0.0,0,2.0,1.0
19890929,198909291200,1989 09/29 1200,1989,9,29,1200,198909291132.0,N/A 09/29 1132,9.0,29.0,1132.0,198909300210.0,1989 09/30 0210,1989,9,30,210.0,X9,2960,0.0,0.0,0.0,0.0,0.0,0.0,0.0,0.0,0.0,0,3.0,3.0
19891006,198910060500,1989 10/06 0500,1989,10,6,500,,,,,,198910060825.0,1989 10/06 0825,1989,10,6,825.0,,22,0.0,0.0,0.0,0.0,0.0,0.0,0.0,0.0,0.0,0,,1.0
19891019,198910191310,1989 10/19 1310,1989,10,19,1310,198910191306.0,4B 10/19 1306,10.0,19.0,1306.0,198910201600.0,1989 10/20 1600,1989,10,20,1600.0,X13,42200,0.0,0.0,0.0,0.0,0.0,0.0,0.0,0.0,0.0,0,4.0,4.0
19891022,198910221755,1989 10/22 1755,1989,10,22,1755,198910221804.0,2B 10/22 1804,10.0,22.0,1804.0,198910230715.0,1989 10/23 0715,1989,10,23,715.0,X2,5330,0.0,0.0,0.0,0.0,0.0,0.0,0.0,0.0,0.0,0,3.0,3.0
19891024,198910241825,1989 10/24 1825,1989,10,24,1825,198910241829.0,3B 10/24 1829,10.0,24.0,1829.0,198910250210.0,1989 10/25 0210,1989,10,25,210.0,X5,2530,0.0,0.0,0.0,0.0,0.0,0.0,0.0,0.0,0.0,0,3.0,3.0
19891029,198910290620,1989 10/29 0620,1989,10,29,620,198910290450.0,N/A 10/29 0450,10.0,29.0,450.0,198910291005.0,1989 10/29 1005,1989,10,29,1005.0,M4,24,0.0,0.0,0.0,0.0,0.0,0.0,0.0,0.0,0.0,0,1.0,1.0
19891109,198911090345,1989 11/09 0345,1989,11,9,345,198911081912.0,2B 11/08 1912,11.0,8.0,1912.0,198911090445.0,1989 11/09 0445,1989,11,9,445.0,M9,15,0.0,0.0,0.0,0.0,0.0,0.0,0.0,0.0,0.0,0,2.0,1.0
19891115,198911150755,1989 11/15 0755,1989,11,15,755,198911150658.0,3B 11/15 0658,11.0,15.0,658.0,198911150905.0,1989 11/15 0905,1989,11,15,905.0,X3,38,0.0,0.0,0.0,0.0,0.0,0.0,0.0,0.0,0.0,0,3.0,1.0
19891127,198911272140,1989 11/27 2140,1989,11,27,2140,198911261941.0,2B 11/26 1941,11.0,26.0,1941.0,198911281105.0,1989 11/28 1105,1989,11,28,1105.0,M4,165,0.0,0.0,0.0,0.0,0.0,0.0,0.0,0.0,0.0,0,1.0,2.0
19891130,198911301410,1989 11/30 1410,1989,11,30,1410,198911301230.0,3B 11/30 1230,11.0,30.0,1230.0,198912011330.0,1989 12/01 1330,1989,12,1,1330.0,X2,3590,0.0,0.0,0.0,0.0,0.0,0.0,0.0,0.0,0.0,0,3.0,3.0
19900319,199003190705,1990 03/19 0705,1990,3,19,705,199003190700.0,2B 03/19 0700,3.0,19.0,700.0,199009192315.0,1990 09/19 2315,1990,9,19,2315.0,X1,946,0.0,0.0,0.0,0.0,0.0,0.0,0.0,0.0,0.0,0,3.0,2.0
19900329,199003290920,1990 03/29 0920,1990,3,29,920,199003280750.0,2N 03/28 0750,3.0,28.0,750.0,199003291005.0,1990 03/29 1005,1990,3,29,1005.0,M4,15,0.0,0.0,0.0,0.0,0.0,0.0,0.0,0.0,0.0,0,1.0,1.0
19900407,199004072220,1990 04/07 2220,1990,4,7,2220,199004031725.0,1N 04/03 1725,4.0,3.0,1725.0,199004081355.0,1990 04/08 1355,1990,4,8,1355.0,X1,19,0.0,0.0,0.0,0.0,0.0,0.0,0.0,0.0,0.0,0,3.0,1.0
19900411,199004112120,1990 04/11 2120,1990,4,11,2120,199004101214.0,1N 04/10 1214,4.0,10.0,1214.0,199004112120.0,1990 04/11 2120,1990,4,11,2120.0,M1,13,0.0,0.0,0.0,0.0,0.0,0.0,0.0,0.0,0.0,0,1.0,1.0
19900417,199004170400,1990 04/17 0400,1990,4,17,400,199004150300.0,2B 04/15 0300,4.0,15.0,300.0,199004170700.0,1990 04/17 0700,1990,4,17,700.0,X1,12,0.0,0.0,0.0,0.0,0.0,0.0,0.0,0.0,0.0,0,3.0,1.0
19900428,199004281005,1990 04/28 1005,1990,4,28,1005,199004280026.0,SF 04/28 0026,4.0,28.0,26.0,199004281735.0,1990 04/28 1735,1990,4,28,1735.0,C2,149,0.0,0.0,0.0,0.0,0.0,0.0,0.0,0.0,0.0,0,0.0,2.0
19900521,199005212355,1990 05/21 2355,1990,5,21,2355,199005212218.0,2B 05/21 2218,5.0,21.0,2218.0,199005220750.0,1990 05/22 0750,1990,5,22,750.0,X5,409,0.0,0.0,0.0,0.0,0.0,0.0,0.0,0.0,0.0,0,3.0,2.0
19900524,199005242125,1990 05/24 2125,1990,5,24,2125,199005242050.0,1B 05/24 2050,5.0,24.0,2050.0,199005250115.0,1990 05/25 0115,1990,5,25,115.0,X9,177,0.0,0.0,0.0,0.0,0.0,0.0,0.0,0.0,0.0,0,3.0,2.0
19900526,199005262110,1990 05/26 2110,1990,5,26,2110,199005262057.0,N/A 05/26 2057,5.0,26.0,2057.0,199005270120.0,1990 05/27 0120,1990,5,27,120.0,X1,88,0.0,0.0,0.0,0.0,0.0,0.0,0.0,0.0,0.0,0,3.0,1.0
19900528,199005280645,1990 05/28 0645,1990,5,28,645,199005280433.0,N/A 05/28 0433,5.0,28.0,433.0,199005290100.0,1990 05/29 0100,1990,5,29,100.0,C1,45,0.0,0.0,0.0,0.0,0.0,0.0,0.0,0.0,0.0,0,0.0,1.0
19900612,199006121140,1990 06/12 1140,1990,6,12,1140,199006120540.0,2B 06/12 0540,6.0,12.0,540.0,199006121700.0,1990 06/12 1700,1990,6,12,1700.0,M6,79,0.0,0.0,0.0,0.0,0.0,0.0,0.0,0.0,0.0,0,2.0,1.0
19900726,199007261100,1990 07/26 1100,1990,7,26,1100,199007252333.0,2N 07/25 2333,7.0,25.0,2333.0,199007262315.0,1990 07/26 2315,1990,7,26,2315.0,M2,20,0.0,0.0,0.0,0.0,0.0,0.0,0.0,0.0,0.0,0,1.0,1.0
19900801,199008010020,1990 08/01 0020,1990,8,1,20,199007300736.0,2B 07/30 0736,7.0,30.0,736.0,199008012045.0,1990 08/01 2045,1990,8,1,2045.0,M4,227,0.0,0.0,0.0,0.0,0.0,0.0,0.0,0.0,0.0,0,1.0,2.0
19910131,199101311130,1991 01/31 1130,1991,1,31,1130,199101310229.0,2B 01/31 0229,1.0,31.0,229.0,199101311620.0,1991 01/31 1620,1991,1,31,1620.0,X1,242,0.0,0.0,0.0,0.0,0.0,0.0,0.0,0.0,0.0,0,3.0,2.0
19910225,199102251200,1991 02/25 1200,1991,2,25,1200,199102250818.0,2N 02/25 0818,2.0,25.0,818.0,199102251305.0,1991 02/25 1305,1991,2,25,1305.0,X1,12,0.0,0.0,0.0,0.0,0.0,0.0,0.0,0.0,0.0,0,3.0,1.0
19910323,199103230820,1991 03/23 0820,1991,3,23,820,199103222246.0,3B 03/22 2246,3.0,22.0,2246.0,199103240350.0,1991 03/24 0350,1991,3,24,350.0,X9,43500,0.0,0.0,0.0,0.0,0.0,0.0,0.0,0.0,0.0,0,3.0,4.0
19910329,199103292120,1991 03/29 2120,1991,3,29,2120,,,,,,199103300330.0,1991 03/30 0330,1991,3,30,330.0,,20,0.0,0.0,0.0,0.0,0.0,0.0,0.0,0.0,0.0,0,,1.0
19910403,199104030815,1991 04/03 0815,1991,4,3,815,199104022326.0,3B 04/02 2326,4.0,2.0,2326.0,199104041000.0,1991 04/04 1000,1991,4,4,1000.0,M6,52,0.0,0.0,0.0,0.0,0.0,0.0,0.0,0.0,0.0,0,2.0,1.0
19910513,199105130300,1991 05/13 0300,1991,5,13,300,199105130142.0,N/A 05/13 0142,5.0,13.0,142.0,199105130905.0,1991 05/13 0905,1991,5,13,905.0,M8,358,0.0,0.0,0.0,0.0,0.0,0.0,0.0,0.0,0.0,0,2.0,2.0
19910531,199105311150,1991 05/31 1150,1991,5,31,1150,199105292344.0,2B 05/29 2344,5.0,29.0,2344.0,199106010500.0,1991 06/01 0500,1991,6,1,500.0,X1,22,0.0,0.0,0.0,0.0,0.0,0.0,0.0,0.0,0.0,0,3.0,1.0
19910604,199106040820,1991 06/04 0820,1991,6,4,820,199106040352.0,3B 06/04 0352,6.0,4.0,352.0,199106070400.0,1991 06/07 0400,1991,6,7,400.0,X12,224,0.0,0.0,0.0,0.0,0.0,0.0,0.0,0.0,0.0,0,4.0,2.0
19910611,199106110250,1991 06/11 0250,1991,6,11,250,199106110209.0,3B 06/11 0209,6.0,11.0,209.0,199106111420.0,1991 06/11 1420,1991,6,11,1420.0,X12,3000,0.0,0.0,0.0,0.0,0.0,0.0,0.0,0.0,0.0,0,4.0,3.0
19910615,199106150835,1991 06/15 0835,1991,6,15,835,199106150821.0,3B 06/15 0821,6.0,15.0,821.0,199106151955.0,1991 06/15 1955,1991,6,15,1955.0,X12,1400,0.0,0.0,0.0,0.0,0.0,0.0,0.0,0.0,0.0,0,4.0,3.0
19910630,199106300555,1991 06/30 0555,1991,6,30,555,199106280625.0,N/A 06/28 0625,6.0,28.0,625.0,199107021010.0,1991 07/02 1010,1991,7,2,1010.0,M6,106,0.0,0.0,0.0,0.0,0.0,0.0,0.0,0.0,0.0,0,2.0,2.0
19910707,199107070455,1991 07/07 0455,1991,7,7,455,199107070222.0,2B 07/07 0222,7.0,7.0,222.0,199107081650.0,1991 07/08 1650,1991,7,8,1650.0,X1,2310,0.0,0.0,0.0,0.0,0.0,0.0,0.0,0.0,0.0,0,3.0,3.0
19910711,199107110035,1991 07/11 0035,1991,7,11,35,199107101227.0,2N 07/10 1227,7.0,10.0,1227.0,199107110450.0,1991 07/11 0450,1991,7,11,450.0,M3,30,0.0,0.0,0.0,0.0,0.0,0.0,0.0,0.0,0.0,0,1.0,1.0
19910711,199107112255,1991 07/11 2255,1991,7,11,2255,199107111037.0,3B 07/11 1037,7.0,11.0,1037.0,199107120305.0,1991 07/12 0305,1991,7,12,305.0,M7,17,0.0,0.0,0.0,0.0,0.0,0.0,0.0,0.0,0.0,0,2.0,1.0
19910826,199108261730,1991 08/26 1730,1991,8,26,1730,199108250113.0,2B 08/25 0113,8.0,25.0,113.0,199108271830.0,1991 08/27 1830,1991,8,27,1830.0,X2,236,0.0,0.0,0.0,0.0,0.0,0.0,0.0,0.0,0.0,0,3.0,2.0
19911001,199110011700,1991 10/01 1700,1991,10,1,1700,199109291533.0,4B 09/29 1533,9.0,29.0,1533.0,199110011810.0,1991 10/01 1810,1991,10,1,1810.0,M7,12,0.0,0.0,0.0,0.0,0.0,0.0,0.0,0.0,0.0,0,2.0,1.0
19911028,199110281300,1991 10/28 1300,1991,10,28,1300,199110270547.0,3B 10/27 0547,10.0,27.0,547.0,199110281440.0,1991 10/28 1440,1991,10,28,1440.0,X6,39,0.0,0.0,0.0,0.0,0.0,0.0,0.0,0.0,0.0,0,3.0,1.0
19911030,199110300745,1991 10/30 0745,1991,10,30,745,199110300632.0,3B 10/30 0632,10.0,30.0,632.0,199110300810.0,1991 10/30 0810,1991,10,30,810.0,X2,94,0.0,0.0,0.0,0.0,0.0,0.0,0.0,0.0,0.0,0,3.0,1.0
19920207,199202070645,1992 02/07 0645,1992,2,7,645,199202061047.0,2B 02/06 1047,2.0,6.0,1047.0,199202071115.0,1992 02/07 1115,1992,2,7,1115.0,M4,77,0.0,0.0,0.0,0.0,0.0,0.0,0.0,0.0,0.0,0,1.0,1.0
19920316,199203160830,1992 03/16 0830,1992,3,16,830,199203150153.0,3B 03/15 0153,3.0,15.0,153.0,199203160900.0,1992 03/16 0900,1992,3,16,900.0,M7,10,0.0,0.0,0.0,0.0,0.0,0.0,0.0,0.0,0.0,0,2.0,
19920509,199205090940,1992 05/09 0940,1992,5,9,940,199205081545.0,4B 05/08 1545,5.0,8.0,1545.0,199205092100.0,1992 05/09 2100,1992,5,9,2100.0,M7,4650,0.0,0.0,0.0,0.0,0.0,0.0,0.0,0.0,0.0,0,2.0,3.0
19920625,199206252045,1992 06/25 2045,1992,6,25,2045,199206252013.0,2B 06/25 2013,6.0,25.0,2013.0,199206260615.0,1992 06/26 0615,1992,6,26,615.0,X3,389,0.0,0.0,0.0,0.0,0.0,0.0,0.0,0.0,0.0,0,3.0,2.0
19920628,199206280950,1992 06/28 0950,1992,6,28,950,199206281400.0,SF 06/28 1400,6.0,28.0,1400.0,199206290235.0,1992 06/29 0235,1992,6,29,235.0,X1,24,0.0,0.0,0.0,0.0,0.0,0.0,0.0,0.0,0.0,0,3.0,1.0
19920806,199208061145,1992 08/06 1145,1992,8,6,1145,199208030706.0,1N 08/03 0706,8.0,3.0,706.0,199208061210.0,1992 08/06 1210,1992,8,6,1210.0,M4,14,0.0,0.0,0.0,0.0,0.0,0.0,0.0,0.0,0.0,0,1.0,1.0
19921030,199210301920,1992 10/30 1920,1992,10,30,1920,199210301815.0,2B 10/30 1815,10.0,30.0,1815.0,199210310710.0,1992 10/31 0710,1992,10,31,710.0,X1,2680,0.0,0.0,0.0,0.0,0.0,0.0,0.0,0.0,0.0,0,3.0,3.0
19921102,199211020305,1992 11/02 0305,1992,11,2,305,199211020307.0,2B 11/02 0307,11.0,2.0,307.0,199211020910.0,1992 11/02 0910,1992,11,2,910.0,X9,1060,0.0,0.0,0.0,0.0,0.0,0.0,0.0,0.0,0.0,0,3.0,3.0
19930304,199303041455,1993 03/04 1455,1993,3,4,1455,199303041239.0,2N 03/04 1239,3.0,4.0,1239.0,199303041615.0,1993 03/04 1615,1993,3,4,1615.0,C8,17,0.0,0.0,0.0,0.0,0.0,0.0,0.0,0.0,0.0,0,0.0,1.0
19930312,199303122010,1993 03/12 2010,1993,3,12,2010,199303121815.0,3B 03/12 1815,3.0,12.0,1815.0,199303130155.0,1993 03/13 0155,1993,3,13,155.0,M7,43,0.0,0.0,0.0,0.0,0.0,0.0,0.0,0.0,0.0,0,2.0,1.0
19940220,199402200305,1994 02/20 0305,1994,2,20,305,199402200141.0,3B 02/20 0141,2.0,20.0,141.0,199402210900.0,1994 02/21 0900,1994,2,21,900.0,M4,10200,0.0,3.0,0.0,0.0,0.0,0.0,0.0,0.0,3.0,0,1.0,4.0
19941020,199410200030,1994 10/20 0030,1994,10,20,30,199410192127.0,1F 10/19 2127,10.0,19.0,2127.0,199410200340.0,1994 10/20 0340,1994,10,20,340.0,M3,35,3.0,0.0,0.0,0.0,0.0,0.0,0.0,0.0,3.0,0,1.0,1.0
19951020,199510200825,1995 10/20 0825,1995,10,20,825,199510200607.0,0F 10/20 0607,10.0,20.0,607.0,199510201210.0,1995 10/20 1210,1995,10,20,1210.0,M1,62,0.0,0.0,4.0,0.0,0.0,0.0,0.0,0.0,4.0,0,1.0,1.0
19971104,199711040830,1997 11/04 0830,1997,11,4,830,199711040558.0,2B 11/04 0558,11.0,4.0,558.0,199711041300.0,1997 11/04 1300,1997,11,4,1300.0,X2,67,0.0,0.0,3.0,0.0,0.0,0.0,0.0,0.0,3.0,0,3.0,1.0
19971106,199711061305,1997 11/06 1305,1997,11,6,1305,199711061155.0,2B 11/06 1155,11.0,6.0,1155.0,199711070255.0,1997 11/07 0255,1997,11,7,255.0,X9,490,0.0,0.0,0.0,0.0,2.0,0.0,0.0,0.0,2.0,0,3.0,2.0
19980420,199804201405,1998 04/20 1405,1998,4,20,1405,199804201021.0,N/A 04/20 1021,4.0,20.0,1021.0,199804211145.0,1998 04/21 1145,1998,4,21,1145.0,M1,161,0.0,0.0,0.0,0.0,4.0,0.0,0.0,0.0,4.0,0,1.0,2.0
19980502,199805021415,1998 05/02 1415,1998,5,2,1415,199805021342.0,3B 05/02 1342,5.0,2.0,1342.0,199805021655.0,1998 05/02 1655,1998,5,2,1655.0,X1,149,0.0,0.0,0.0,0.0,7.0,0.0,0.0,0.0,7.0,3,3.0,2.0
19980506,199805060840,1998 05/06 0840,1998,5,6,840,199805060809.0,1N 05/06 0809,5.0,6.0,809.0,199805060945.0,1998 05/06 0945,1998,5,6,945.0,X2,239,0.0,0.0,1.0,0.0,0.0,0.0,0.0,0.0,1.0,0,3.0,2.0
19980509,199805092055,1998 05/09 2055,1998,5,9,2055,199805090340.0,N/A 05/09 0340,5.0,9.0,340.0,199805100020.0,1998 05/10 0020,1998,5,10,20.0,M7,12,0.0,0.0,0.0,0.0,0.0,0.0,3.0,0.0,3.0,0,2.0,1.0
19980824,199808242355,1998 08/24 2355,1998,8,24,2355,199808242213.0,3B 08/24 2213,8.0,24.0,2213.0,199808261055.0,1998 08/26 1055,1998,8,26,1055.0,X1,665,0.0,0.0,0.0,0.0,0.0,0.0,0.0,3.0,3.0,0,3.0,2.0
19980924,199809242355,1998 09/24 2355,1998,9,24,2355,199809230713.0,3B 09/23 0713,9.0,23.0,713.0,199809250130.0,1998 09/25 0130,1998,9,25,130.0,M6,44,0.0,0.0,0.0,0.0,0.0,0.0,0.0,5.0,5.0,1,2.0,1.0
19980930,199809301520,1998 09/30 1520,1998,9,30,1520,199809301350.0,2N 09/30 1350,9.0,30.0,1350.0,199810010025.0,1998 10/01 0025,1998,10,1,25.0,M2,1160,0.0,0.0,0.0,0.0,0.0,2.0,0.0,0.0,2.0,0,1.0,3.0
19981114,199811140810,1998 11/14 0810,1998,11,14,810,199811140508.0,N/A 11/14 0508,11.0,14.0,508.0,199811141245.0,1998 11/14 1245,1998,11,14,1245.0,C1,314,0.0,0.0,5.0,0.0,0.0,0.0,0.0,0.0,5.0,1,0.0,2.0
19990123,199901231000,1999 01/23 1000,1999,1,23,1000,199901202024.0,N/A 01/20 2024,1.0,20.0,2024.0,199901231135.0,1999 01/23 1135,1999,1,23,1135.0,M5,14,0.0,0.0,0.0,3.0,0.0,0.0,0.0,0.0,3.0,0,2.0,1.0
19990424,199904241820,1999 04/24 1820,1999,4,24,1820,,,,,,199904250055.0,1999 04/25 0055,1999,4,25,55.0,,31,0.0,0.0,0.0,0.0,0.0,0.0,2.0,0.0,2.0,0,,1.0
19990505,199905051820,1999 05/05 1820,1999,5,5,1820,199905030602.0,2N 05/03 0602,5.0,3.0,602.0,199905051955.0,1999 05/05 1955,1999,5,5,1955.0,M4,14,0.0,0.0,0.0,0.0,0.0,0.0,3.0,0.0,3.0,0,1.0,1.0
19990602,199906020220,1999 06/02 0220,1999,6,2,220,,,,,,199906021010.0,1999 06/02 1010,1999,6,2,1010.0,,48,3.0,0.0,0.0,0.0,0.0,0.0,0.0,0.0,3.0,0,,1.0
19990604,199906040925,1999 06/04 0925,1999,6,4,925,199906040703.0,2B 06/04 0703,6.0,4.0,703.0,199906041055.0,1999 06/04 1055,1999,6,4,1055.0,M3,64,0.0,0.0,0.0,2.0,0.0,0.0,0.0,0.0,2.0,0,1.0,1.0
20000218,200002181115,2000 02/18 1115,2000,2,18,1115,,,,,,200002181215.0,2000 02/18 1215,2000,2,18,1215.0,,13,0.0,0.0,0.0,0.0,0.0,0.0,0.0,0.0,0.0,0,,1.0
20000404,200004042055,2000 04/04 2055,2000,4,4,2055,200004041541.0,2F 04/04 1541,4.0,4.0,1541.0,200004050930.0,2000 04/05 0930,2000,4,5,930.0,C9,55,0.0,0.0,0.0,0.0,0.0,0.0,4.0,0.0,4.0,0,0.0,1.0
20000607,200006071310,2000 06/07 1310,2000,6,7,1310,200006061525.0,3B 06/06 1525,6.0,6.0,1525.0,200006080940.0,2000 06/08 0940,2000,6,8,940.0,X2,84,0.0,0.0,0.0,0.0,3.0,0.0,0.0,0.0,3.0,0,3.0,1.0
20000610,200006101805,2000 06/10 1805,2000,6,10,1805,200006101702.0,3B 06/10 1702,6.0,10.0,1702.0,200006102045.0,2000 06/10 2045,2000,6,10,2045.0,M5,46,0.0,0.0,0.0,0.0,0.0,0.0,3.0,0.0,3.0,0,2.0,1.0
20000714,200007141045,2000 07/14 1045,2000,7,14,1045,200007141024.0,3B 07/14 1024,7.0,14.0,1024.0,200007151230.0,2000 07/15 1230,2000,7,15,1230.0,X5,24000,0.0,0.0,0.0,4.0,0.0,0.0,0.0,0.0,4.0,0,3.0,4.0
20000722,200007221320,2000 07/22 1320,2000,7,22,1320,200007221114.0,2N 07/22 1114,7.0,22.0,1114.0,200007221405.0,2000 07/22 1405,2000,7,22,1405.0,M3,17,0.0,0.0,0.0,0.0,3.0,0.0,0.0,0.0,3.0,0,1.0,1.0
20000728,200007280520,2000 07/28 0520,2000,7,28,520,,,,,,200007280655.0,2000 07/28 0655,2000,7,28,655.0,,21,0.0,3.0,0.0,0.0,0.0,0.0,0.0,0.0,3.0,0,,1.0
20000811,200008111650,2000 08/11 1650,2000,8,11,1650,200008091647.0,SF 08/09 1647,8.0,9.0,1647.0,200008111655.0,2000 08/11 1655,2000,8,11,1655.0,C2,17,0.0,0.0,0.0,0.0,0.0,4.0,0.0,0.0,4.0,0,0.0,1.0
20000912,200009121605,2000 09/12 1605,2000,9,12,1605,200009121213.0,2F 09/12 1213,9.0,12.0,1213.0,200009130340.0,2000 09/13 0340,2000,9,13,340.0,M1,321,0.0,0.0,0.0,0.0,0.0,3.0,0.0,0.0,3.0,0,1.0,2.0
20001016,200010161110,2000 10/16 1110,2000,10,16,1110,200010161139.0,N/A 10/16 1139,10.0,16.0,1139.0,200010161840.0,2000 10/16 1840,2000,10,16,1840.0,M2,15,0.0,0.0,0.0,1.0,0.0,0.0,0.0,0.0,1.0,0,1.0,1.0
20001026,200010260040,2000 10/26 0040,2000,10,26,40,200010251125.0,N/A 10/25 1125,10.0,25.0,1125.0,200010260340.0,2000 10/26 0340,2000,10,26,340.0,C4,15,2.0,0.0,0.0,0.0,0.0,0.0,0.0,0.0,2.0,0,0.0,1.0
20001108,200011082350,2000 11/08 2350,2000,11,8,2350,200011082328.0,3F 11/08 2328,11.0,8.0,2328.0,200011091555.0,2000 11/09 1555,2000,11,9,1555.0,M7,14800,0.0,0.0,0.0,0.0,0.0,0.0,0.0,3.0,3.0,0,2.0,4.0
20001124,200011241600,2000 11/24 1600,2000,11,24,1600,200011241513.0,2B 11/24 1513,11.0,24.0,1513.0,200011242120.0,2000 11/24 2120,2000,11,24,2120.0,X2,93,0.0,0.0,0.0,0.0,0.0,3.0,0.0,0.0,3.0,0,3.0,1.0
20001125,200011252340,2000 11/25 2340,2000,11,25,2340,200011250131.0,2N 11/25 0131,11.0,25.0,131.0,200011261715.0,2000 11/26 1715,2000,11,26,1715.0,M8,591,0.0,0.0,0.0,0.0,0.0,0.0,0.0,2.0,2.0,0,2.0,2.0
20001126,200011261845,2000 11/26 1845,2000,11,26,1845,200011261648.0,2B 11/26 1648,11.0,26.0,1648.0,200011262030.0,2000 11/26 2030,2000,11,26,2030.0,X4,942,0.0,0.0,0.0,0.0,0.0,0.0,5.0,0.0,5.0,1,3.0,2.0
20010418,200104180315,2001 04/18 0315,2001,4,18,315,200104180314.0,N/A 04/18 0314,4.0,18.0,314.0,200104181045.0,2001 04/18 1045,2001,4,18,1045.0,C2,32,0.0,7.0,0.0,0.0,0.0,0.0,0.0,0.0,7.0,3,0.0,1.0
20010428,200104280430,2001 04/28 0430,2001,4,28,430,200104261312.0,2N 04/26 1312,4.0,26.0,1312.0,200104280500.0,2001 04/28 0500,2001,4,28,500.0,M7,57,0.0,5.0,0.0,0.0,0.0,0.0,0.0,0.0,5.0,1,2.0,1.0
20010615,200106151750,2001 06/15 1750,2001,6,15,1750,,,,,,200106160005.0,2001 06/16 0005,2001,6,16,5.0,,26,0.0,0.0,0.0,0.0,0.0,3.0,0.0,0.0,3.0,0,,1.0
20010816,200108160135,2001 08/16 0135,2001,8,16,135,,,,,,200108160355.0,2001 08/16 0355,2001,8,16,355.0,,493,2.0,0.0,0.0,0.0,0.0,0.0,0.0,0.0,2.0,0,,2.0
20010924,200109240925,2001 09/24 0925,2001,9,24,925,200109241038.0,2B 09/24 1038,9.0,24.0,1038.0,200109252235.0,2001 09/25 2235,2001,9,25,2235.0,X2,12900,0.0,0.0,0.0,2.0,0.0,0.0,0.0,0.0,2.0,0,3.0,4.0
20011001,200110011245,2001 10/01 1245,2001,10,1,1245,200110010515.0,N/A 10/01 0515,10.0,1.0,515.0,200110020810.0,2001 10/02 0810,2001,10,2,810.0,M9,2360,0.0,0.0,0.0,0.0,5.0,0.0,0.0,0.0,5.0,1,2.0,3.0
20011019,200110192225,2001 10/19 2225,2001,10,19,2225,200110190105.0,2B 10/19 0105,10.0,19.0,105.0,200110192230.0,2001 10/19 2230,2001,10,19,2230.0,X1,11,0.0,0.0,0.0,0.0,0.0,0.0,0.0,3.0,3.0,0,3.0,1.0
20011022,200110221910,2001 10/22 1910,2001,10,22,1910,200110221508.0,2N 10/22 1508,10.0,22.0,1508.0,200110222130.0,2001 10/22 2130,2001,10,22,2130.0,M6,24,0.0,0.0,0.0,0.0,0.0,0.0,6.0,0.0,6.0,2,2.0,1.0
20011104,200111041705,2001 11/04 1705,2001,11,4,1705,200111041620.0,3B 11/04 1620,11.0,4.0,1620.0,200111060215.0,2001 11/06 0215,2001,11,6,215.0,X1,31700,0.0,0.0,0.0,0.0,0.0,3.0,0.0,0.0,3.0,0,3.0,4.0
20011119,200111191050,2001 11/19 1050,2001,11,19,1050,200111170525.0,1N 11/17 0525,11.0,17.0,525.0,200111200010.0,2001 11/20 0010,2001,11,20,10.0,M2,34,0.0,0.0,0.0,3.0,0.0,0.0,0.0,0.0,3.0,0,1.0,1.0
20011122,200111222320,2001 11/22 2320,2001,11,22,2320,200111222330.0,2N 11/22 2330,11.0,22.0,2330.0,200111240555.0,2001 11/24 0555,2001,11,24,555.0,M9,18900,0.0,0.0,0.0,0.0,0.0,0.0,0.0,2.0,2.0,0,2.0,4.0
20011226,200112260605,2001 12/26 0605,2001,12,26,605,200112260540.0,1B 12/26 0540,12.0,26.0,540.0,200112261115.0,2001 12/26 1115,2001,12,26,1115.0,M7,779,0.0,0.0,0.0,0.0,0.0,0.0,0.0,0.0,0.0,0,2.0,2.0
20011229,200112290510,2001 12/29 0510,2001,12,29,510,200112260540.0,1B 12/26 0540,12.0,26.0,540.0,200112290815.0,2001 12/29 0815,2001,12,29,815.0,M7,76,0.0,4.0,0.0,0.0,0.0,0.0,0.0,0.0,4.0,0,2.0,1.0
20011230,200112302135,2001 12/30 2135,2001,12,30,2135,200112282045.0,N/A 12/28 2045,12.0,28.0,2045.0,200112311620.0,2001 12/31 1620,2001,12,31,1620.0,X3,108,0.0,0.0,0.0,0.0,0.0,0.0,0.0,4.0,4.0,0,3.0,2.0
20020110,200201102015,2002 01/10 2015,2002,1,10,2015,200201082025.0,N/A 01/08 2025,1.0,8.0,2025.0,200201110530.0,2002 01/11 0530,2002,1,11,530.0,C9,91,0.0,0.0,0.0,0.0,0.0,0.0,4.0,0.0,4.0,0,0.0,1.0
20020115,200201151110,2002 01/15 1110,2002,1,15,1110,200201140627.0,N/A 01/14 0627,1.0,14.0,627.0,200201152000.0,2002 01/15 2000,2002,1,15,2000.0,M4,15,0.0,0.0,0.0,2.0,0.0,0.0,0.0,0.0,2.0,0,1.0,1.0
20020220,200202200730,2002 02/20 0730,2002,2,20,730,200202200612.0,1N 02/20 0612,2.0,20.0,612.0,200202200755.0,2002 02/20 0755,2002,2,20,755.0,M5,13,0.0,0.0,3.0,0.0,0.0,0.0,0.0,0.0,3.0,0,2.0,1.0
20020317,200203170820,2002 03/17 0820,2002,3,17,820,200203152312.0,1F 03/15 2312,3.0,15.0,2312.0,200203170850.0,2002 03/17 0850,2002,3,17,850.0,M2,13,0.0,0.0,0.0,0.0,0.0,0.0,0.0,0.0,0.0,0,1.0,1.0
20020318,200203181300,2002 03/18 1300,2002,3,18,1300,200203180231.0,SF 03/18 0231,3.0,18.0,231.0,200203190650.0,2002 03/19 0650,2002,3,19,650.0,M1,53,0.0,0.0,0.0,0.0,4.0,0.0,0.0,0.0,4.0,0,1.0,1.0
20020320,200203201515,2002 03/20 1515,2002,3,20,1515,200203180231.0,SF 03/18 0231,3.0,18.0,231.0,200203201525.0,2002 03/20 1525,2002,3,20,1525.0,M1,19,0.0,0.0,0.0,0.0,0.0,4.0,0.0,0.0,4.0,0,1.0,1.0
20020322,200203222020,2002 03/22 2020,2002,3,22,2020,200203221113.0,N/A 03/22 1113,3.0,22.0,1113.0,200203231320.0,2002 03/23 1320,2002,3,23,1320.0,M1,16,0.0,0.0,0.0,0.0,0.0,0.0,2.0,0.0,2.0,0,1.0,1.0
20020417,200204171530,2002 04/17 1530,2002,4,17,1530,200204170824.0,2N 04/17 0824,4.0,17.0,824.0,200204171540.0,2002 04/17 1540,2002,4,17,1540.0,M2,24,0.0,0.0,0.0,0.0,0.0,6.0,0.0,0.0,6.0,2,1.0,1.0
20020421,200204210225,2002 04/21 0225,2002,4,21,225,200204210151.0,1F 04/21 0151,4.0,21.0,151.0,200204212320.0,2002 04/21 2320,2002,4,21,2320.0,X1,2520,3.0,0.0,0.0,0.0,0.0,0.0,0.0,0.0,3.0,0,3.0,3.0
20020522,200205221755,2002 05/22 1755,2002,5,22,1755,200205220349.0,SF 05/22 0349,5.0,22.0,349.0,200205231055.0,2002 05/23 1055,2002,5,23,1055.0,C5,820,0.0,0.0,0.0,0.0,0.0,3.0,0.0,0.0,3.0,0,0.0,2.0
20020707,200207071830,2002 07/07 1830,2002,7,7,1830,200207071143.0,N/A 07/07 1143,7.0,7.0,1143.0,200207071955.0,2002 07/07 1955,2002,7,7,1955.0,M1,22,0.0,0.0,0.0,0.0,0.0,0.0,3.0,0.0,3.0,0,1.0,1.0
20020716,200207161750,2002 07/16 1750,2002,7,16,1750,200207152008.0,3B 07/15 2008,7.0,15.0,2008.0,200207171600.0,2002 07/17 1600,2002,7,17,1600.0,X3,234,0.0,0.0,0.0,0.0,0.0,2.0,0.0,0.0,2.0,0,3.0,2.0
20020722,200207220625,2002 07/22 0625,2002,7,22,625,200207202130.0,N/A 07/20 2130,7.0,20.0,2130.0,200207231025.0,2002 07/23 1025,2002,7,23,1025.0,X3,28,0.0,0.0,4.0,0.0,0.0,0.0,0.0,0.0,4.0,0,3.0,1.0
20020814,200208140900,2002 08/14 0900,2002,8,14,900,200208140212.0,1N 08/14 0212,8.0,14.0,212.0,200208141620.0,2002 08/14 1620,2002,8,14,1620.0,M2,26,0.0,0.0,0.0,3.0,0.0,0.0,0.0,0.0,3.0,0,1.0,1.0
20020822,200208220440,2002 08/22 0440,2002,8,22,440,200208220157.0,2B 08/22 0157,8.0,22.0,157.0,200208220940.0,2002 08/22 0940,2002,8,22,940.0,M5,36,0.0,3.0,0.0,0.0,0.0,0.0,0.0,0.0,3.0,0,2.0,1.0
20020824,200208240140,2002 08/24 0140,2002,8,24,140,200208240112.0,1F 08/24 0112,8.0,24.0,112.0,200208240835.0,2002 08/24 0835,2002,8,24,835.0,X3,317,3.0,0.0,0.0,0.0,0.0,0.0,0.0,0.0,3.0,0,3.0,2.0
20020907,200209070440,2002 09/07 0440,2002,9,7,440,200209051706.0,SF 09/05 1706,9.0,5.0,1706.0,200209071650.0,2002 09/07 1650,2002,9,7,1650.0,C5,20,0.0,3.0,0.0,0.0,0.0,0.0,0.0,0.0,3.0,0,0.0,1.0
20021109,200211091920,2002 11/09 1920,2002,11,9,1920,200211091323.0,2B 11/09 1323,11.0,9.0,1323.0,200211100540.0,2002 11/10 0540,2002,11,10,540.0,M4,404,0.0,0.0,0.0,0.0,0.0,0.0,3.0,0.0,3.0,0,1.0,2.0
20030528,200305282340,2003 05/28 2340,2003,5,28,2340,200305280027.0,2B 05/28 0027,5.0,28.0,27.0,200305291530.0,2003 05/29 1530,2003,5,29,1530.0,X3,121,0.0,0.0,0.0,0.0,0.0,0.0,0.0,4.0,4.0,0,3.0,2.0
20030531,200305310440,2003 05/31 0440,2003,5,31,440,200305310224.0,2B 05/31 0224,5.0,31.0,224.0,200305310645.0,2003 05/31 0645,2003,5,31,645.0,M9,27,0.0,5.0,0.0,0.0,0.0,0.0,0.0,0.0,5.0,1,2.0,1.0
20030618,200306182125,2003 06/18 2125,2003,6,18,2125,200306172255.0,SF 06/17 2255,6.0,17.0,2255.0,200306190415.0,2003 06/19 0415,2003,6,19,415.0,M6,19,0.0,0.0,0.0,0.0,0.0,0.0,0.0,4.0,4.0,0,2.0,1.0
20031026,200310261825,2003 10/26 1825,2003,10,26,1825,200310261815.0,1N 10/26 1815,10.0,26.0,1815.0,200310262235.0,2003 10/26 2235,2003,10,26,2235.0,X1,466,0.0,0.0,0.0,0.0,0.0,0.0,3.0,0.0,3.0,0,3.0,2.0
20031028,200310281215,2003 10/28 1215,2003,10,28,1215,200310281110.0,4B 10/28 1110,10.0,28.0,1110.0,200310290615.0,2003 10/29 0615,2003,10,29,615.0,X17,29500,0.0,0.0,0.0,0.0,3.0,0.0,0.0,0.0,3.0,0,4.0,4.0
20031029,200310292100,2003 10/29 2100,2003,10,29,2100,200310292049.0,2B 10/29 2049,10.0,29.0,2049.0,200310301935.0,2003 10/30 1935,2003,10,30,1935.0,X10,3300,0.0,0.0,0.0,0.0,0.0,0.0,0.0,8.0,8.0,4,4.0,3.0
20031102,200311021735,2003 11/02 1735,2003,11,2,1735,200311021725.0,2B 11/02 1725,11.0,2.0,1725.0,200311030815.0,2003 11/03 0815,2003,11,3,815.0,X8,1570,0.0,0.0,0.0,0.0,0.0,4.0,0.0,0.0,4.0,0,3.0,3.0
20031104,200311042225,2003 11/04 2225,2003,11,4,2225,200311041952.0,3B 11/04 1952,11.0,4.0,1952.0,200311050600.0,2003 11/05 0600,2003,11,5,600.0,X28,353,0.0,0.0,0.0,0.0,0.0,0.0,0.0,3.0,3.0,0,5.0,2.0
20031121,200311212355,2003 11/21 2355,2003,11,21,2355,200311202353.0,2B 11/20 2353,11.0,20.0,2353.0,200311220230.0,2003 11/22 0230,2003,11,22,230.0,M5,13,0.0,0.0,0.0,0.0,0.0,0.0,0.0,2.0,2.0,0,2.0,1.0
20031202,200312021555,2003 12/02 1555,2003,12,2,1555,200312021150.0,N/A 12/02 1150,12.0,2.0,1150.0,200312021820.0,2003 12/02 1820,2003,12,2,1820.0,C8,88,0.0,0.0,0.0,0.0,0.0,2.0,0.0,0.0,2.0,0,0.0,1.0
20040411,200404111135,2004 04/11 1135,2004,4,11,1135,200404110419.0,1F 04/11 0419,4.0,11.0,419.0,200404111845.0,2004 04/11 1845,2004,4,11,1845.0,C9,35,0.0,0.0,0.0,2.0,0.0,0.0,0.0,0.0,2.0,0,0.0,1.0
20040725,200407251825,2004 07/25 1825,2004,7,25,1825,200407251520.0,1F 07/25 1520,7.0,25.0,1520.0,200407252250.0,2004 07/25 2250,2004,7,25,2250.0,M9,2090,0.0,0.0,0.0,0.0,0.0,0.0,6.0,0.0,6.0,2,2.0,3.0
20040913,200409132005,2004 09/13 2005,2004,9,13,2005,200409120056.0,2N 09/12 0056,9.0,12.0,56.0,200409140005.0,2004 09/14 0005,2004,9,14,5.0,M4,273,0.0,0.0,0.0,0.0,0.0,0.0,3.0,0.0,3.0,0,1.0,2.0
20040919,200409191925,2004 09/19 1925,2004,9,19,1925,200409191712.0,N/A 09/19 1712,9.0,19.0,1712.0,200409200100.0,2004 09/20 0100,2004,9,20,100.0,M1,57,0.0,0.0,0.0,0.0,0.0,0.0,2.0,0.0,2.0,0,1.0,1.0
20041101,200411010655,2004 11/01 0655,2004,11,1,655,,,,,,200411010805.0,2004 11/01 0805,2004,11,1,805.0,,63,0.0,0.0,1.0,0.0,0.0,0.0,0.0,0.0,1.0,0,,1.0
20041107,200411071910,2004 11/07 1910,2004,11,7,1910,200411071606.0,N/A 11/07 1606,11.0,7.0,1606.0,200411080115.0,2004 11/08 0115,2004,11,8,115.0,X2,495,0.0,0.0,0.0,0.0,0.0,0.0,6.0,0.0,6.0,2,3.0,2.0
20041109,200411092030,2004 11/09 2030,2004,11,9,2030,200411091719.0,2N 11/09 1719,11.0,9.0,1719.0,200411092130.0,2004 11/09 2130,2004,11,9,2130.0,M8,82,0.0,0.0,0.0,0.0,0.0,0.0,8.0,0.0,8.0,4,2.0,1.0
20041110,200411100255,2004 11/10 0255,2004,11,10,255,200411100213.0,3B 11/10 0213,11.0,10.0,213.0,200411101655.0,2004 11/10 1655,2004,11,10,1655.0,X2,424,8.0,0.0,0.0,0.0,0.0,0.0,0.0,0.0,8.0,4,3.0,2.0
20050116,200501160210,2005 01/16 0210,2005,1,16,210,200501152302.0,N/A 01/15 2302,1.0,15.0,2302.0,200501171750.0,2005 01/17 1750,2005,1,17,1750.0,X2,5040,2.0,0.0,0.0,0.0,0.0,0.0,0.0,0.0,2.0,0,3.0,3.0
20050514,200505140525,2005 05/14 0525,2005,5,14,525,200505131657.0,2B 05/13 1657,5.0,13.0,1657.0,200505150240.0,2005 05/15 0240,2005,5,15,240.0,M8,3140,0.0,1.0,0.0,0.0,0.0,0.0,0.0,0.0,1.0,0,2.0,3.0
20050616,200506162200,2005 06/16 2200,2005,6,16,2200,200506162022.0,N/A 06/16 2022,6.0,16.0,2022.0,200506170500.0,2005 06/17 0500,2005,6,17,500.0,M4,44,0.0,0.0,0.0,0.0,0.0,0.0,0.0,3.0,3.0,0,1.0,1.0
20050714,200507140245,2005 07/14 0245,2005,7,14,245,200507131449.0,N/A 07/13 1449,7.0,13.0,1449.0,200507150345.0,2005 07/15 0345,2005,7,15,345.0,M5,134,2.0,0.0,0.0,0.0,0.0,0.0,0.0,0.0,2.0,0,2.0,2.0
20050727,200507272300,2005 07/27 2300,2005,7,27,2300,200507270502.0,N/A 07/27 0502,7.0,27.0,502.0,200507291715.0,2005 07/29 1715,2005,7,29,1715.0,M3,41,0.0,0.0,0.0,0.0,0.0,0.0,0.0,5.0,5.0,1,1.0,1.0
20050822,200508222040,2005 08/22 2040,2005,8,22,2040,200508221727.0,1N 08/22 1727,8.0,22.0,1727.0,200508231045.0,2005 08/23 1045,2005,8,23,1045.0,M5,330,0.0,0.0,0.0,0.0,0.0,0.0,3.0,0.0,3.0,0,2.0,2.0
20050908,200509080215,2005 09/08 0215,2005,9,8,215,200509071740.0,3B 09/07 1740,9.0,7.0,1740.0,200509110425.0,2005 09/11 0425,2005,9,11,425.0,X17,1880,3.0,0.0,0.0,0.0,0.0,0.0,0.0,0.0,3.0,0,4.0,3.0
20061206,200612061555,2006 12/06 1555,2006,12,6,1555,200612051035.0,2N 12/05 1035,12.0,5.0,1035.0,200612071930.0,2006 12/07 1930,2006,12,7,1930.0,X9,1980,0.0,0.0,0.0,0.0,0.0,3.0,0.0,0.0,3.0,0,3.0,3.0
20061213,200612130310,2006 12/13 0310,2006,12,13,310,200612130240.0,4B 12/13 0240,12.0,13.0,240.0,200612130925.0,2006 12/13 0925,2006,12,13,925.0,X3,698,0.0,3.0,0.0,0.0,0.0,0.0,0.0,0.0,3.0,0,3.0,2.0
20100814,201008141230,2010 08/14 1230,2010,8,14,1230,201008141005.0,SF 08/14 1005,8.0,14.0,1005.0,201008141245.0,2010 08/14 1245,2010,8,14,1245.0,C4,14,0.0,0.0,0.0,0.0,1.0,0.0,0.0,0.0,1.0,0,0.0,1.0
20110308,201103080105,2011 03/08 0105,2011,3,8,105,201103072012.0,N/A 03/07 2012,3.0,7.0,2012.0,201103080800.0,2011 03/08 0800,2011,3,8,800.0,M3,50,2.0,0.0,0.0,0.0,0.0,0.0,0.0,0.0,2.0,0,1.0,1.0
20110321,201103211950,2011 03/21 1950,2011,3,21,1950,,,,,,201103220135.0,2011 03/22 0135,2011,3,22,135.0,,14,0.0,0.0,0.0,0.0,0.0,0.0,1.0,0.0,1.0,0,,1.0
20110607,201106070820,2011 06/07 0820,2011,6,7,820,201106070641.0,2N 06/07 0641,6.0,7.0,641.0,201106071820.0,2011 06/07 1820,2011,6,7,1820.0,M2,73,0.0,0.0,1.0,0.0,0.0,0.0,0.0,0.0,1.0,0,1.0,1.0
20110804,201108040635,2011 08/04 0635,2011,8,4,635,201108040357.0,2B 08/04 0357,8.0,4.0,357.0,201108052150.0,2011 08/05 2150,2011,8,5,2150.0,M9,96,0.0,0.0,0.0,0.0,0.0,0.0,0.0,0.0,0.0,0,2.0,1.0
20110809,201108090845,2011 08/09 0845,2011,8,9,845,201108090805.0,2B 08/09 0805,8.0,9.0,805.0,201108091210.0,2011 08/09 1210,2011,8,9,1210.0,X6,26,0.0,0.0,3.0,0.0,0.0,0.0,0.0,0.0,3.0,0,3.0,1.0
20110923,201109232255,2011 09/23 2255,2011,9,23,2255,201109221101.0,2N 09/22 1101,9.0,22.0,1101.0,201109261155.0,2011 09/26 1155,2011,9,26,1155.0,X1,35,0.0,0.0,0.0,0.0,0.0,0.0,0.0,1.0,1.0,0,3.0,1.0
20111126,201111261125,2011 11/26 1125,2011,11,26,1125,201111260710.0,N/A 11/26 0710,11.0,26.0,710.0,201111270125.0,2011 11/27 0125,2011,11,27,125.0,C1,80,0.0,0.0,0.0,1.0,0.0,0.0,0.0,0.0,1.0,0,0.0,1.0
20120123,201201230530,2012 01/23 0530,2012,1,23,530,201201230359.0,2B 01/23 0359,1.0,23.0,359.0,201201241530.0,2012 01/24 1530,2012,1,24,1530.0,M8,6310,0.0,3.0,0.0,0.0,0.0,0.0,0.0,0.0,3.0,0,2.0,3.0
20120127,201201271905,2012 01/27 1905,2012,1,27,1905,201201271837.0,1F 01/27 1837,1.0,27.0,1837.0,201201280205.0,2012 01/28 0205,2012,1,28,205.0,X1,796,0.0,0.0,0.0,0.0,0.0,0.0,2.0,0.0,2.0,0,3.0,2.0
20120307,201203070510,2012 03/07 0510,2012,3,7,510,201203070024.0,3B 03/07 0024,3.0,7.0,24.0,201203081115.0,2012 03/08 1115,2012,3,8,1115.0,X5,6530,0.0,4.0,0.0,0.0,0.0,0.0,0.0,0.0,4.0,0,3.0,3.0
20120313,201203131810,2012 03/13 1810,2012,3,13,1810,201203131741.0,1B 03/13 1741,3.0,13.0,1741.0,201203132045.0,2012 03/13 2045,2012,3,13,2045.0,M7,469,0.0,0.0,0.0,0.0,0.0,0.0,3.0,0.0,3.0,0,2.0,2.0
20120517,201205170210,2012 05/17 0210,2012,5,17,210,201205170147.0,N/A 05/17 0147,5.0,17.0,147.0,201205170430.0,2012 05/17 0430,2012,5,17,430.0,M5,255,2.0,0.0,0.0,0.0,0.0,0.0,0.0,0.0,2.0,0,2.0,2.0
20120527,201205270535,2012 05/27 0535,2012,5,27,535,,,,,,201205271045.0,2012 05/27 1045,2012,5,27,1045.0,,14,0.0,2.0,0.0,0.0,0.0,0.0,0.0,0.0,2.0,0,,1.0
20120616,201206161955,2012 06/16 1955,2012,6,16,1955,201206141435.0,N/A 06/14 1435,6.0,14.0,1435.0,201206162020.0,2012 06/16 2020,2012,6,16,2020.0,M1,14,0.0,0.0,0.0,0.0,0.0,0.0,4.0,0.0,4.0,0,1.0,1.0
20120707,201207070400,2012 07/07 0400,2012,7,7,400,201207062308.0,N/A 07/06 2308,7.0,6.0,2308.0,201207070745.0,2012 07/07 0745,2012,7,7,745.0,X1,25,0.0,2.0,0.0,0.0,0.0,0.0,0.0,0.0,2.0,0,3.0,1.0
20120709,201207090130,2012 07/09 0130,2012,7,9,130,201207081632.0,1N 07/08 1632,7.0,8.0,1632.0,201207090430.0,2012 07/09 0430,2012,7,9,430.0,M6,19,5.0,0.0,0.0,0.0,0.0,0.0,0.0,0.0,5.0,1,2.0,1.0
20120712,201207121835,2012 07/12 1835,2012,7,12,1835,201207121649.0,2B 07/12 1649,7.0,12.0,1649.0,201207122225.0,2012 07/12 2225,2012,7,12,2225.0,X1,96,0.0,0.0,0.0,0.0,0.0,0.0,1.0,0.0,1.0,0,3.0,1.0
20120717,201207171715,2012 07/17 1715,2012,7,17,1715,201207171715.0,N/A 07/17 1715,7.0,17.0,1715.0,201207180600.0,2012 07/18 0600,2012,7,18,600.0,M1,136,0.0,0.0,0.0,0.0,0.0,3.0,0.0,0.0,3.0,0,1.0,2.0
20120723,201207231545,2012 07/23 1545,2012,7,23,1545,,,,,,201207232145.0,2012 07/23 2145,2012,7,23,2145.0,,12,0.0,0.0,0.0,0.0,0.0,3.0,0.0,0.0,3.0,0,,1.0
20120901,201209011335,2012 09/01 1335,2012,9,1,1335,201208312043.0,N/A 08/31 2043,8.0,31.0,2043.0,201209020850.0,2012 09/02 0850,2012,9,2,850.0,C8,60,0.0,0.0,0.0,0.0,2.0,0.0,0.0,0.0,2.0,0,0.0,1.0
20120928,201209280300,2012 09/28 0300,2012,9,28,300,201209272357.0,N/A 09/27 2357,9.0,27.0,2357.0,201209280445.0,2012 09/28 0445,2012,9,28,445.0,C3,28,0.0,0.0,0.0,0.0,0.0,0.0,0.0,0.0,0.0,0,0.0,1.0
20130316,201303161940,2013 03/16 1940,2013,3,16,1940,201303150658.0,N/A 03/15 0658,3.0,15.0,658.0,201303170700.0,2013 03/17 0700,2013,3,17,700.0,M1,16,0.0,0.0,0.0,0.0,0.0,0.0,1.0,0.0,1.0,0,1.0,1.0
20130411,201304111055,2013 04/11 1055,2013,4,11,1055,201304110716.0,N/A 04/11 0716,4.0,11.0,716.0,201304111645.0,2013 04/11 1645,2013,4,11,1645.0,M6,114,0.0,0.0,0.0,1.0,0.0,0.0,0.0,0.0,1.0,0,2.0,2.0
20130515,201305151325,2013 05/15 1325,2013,5,15,1325,201305150148.0,N/A 05/15 0148,5.0,15.0,148.0,201305171720.0,2013 05/17 1720,2013,5,17,1720.0,X1,42,0.0,0.0,0.0,0.0,3.0,0.0,0.0,0.0,3.0,0,3.0,1.0
20130522,201305221420,2013 05/22 1420,2013,5,22,1420,201305221332.0,N/A 05/22 1332,5.0,22.0,1332.0,201305230650.0,2013 05/23 0650,2013,5,23,650.0,M5,1660,0.0,0.0,0.0,0.0,3.0,0.0,0.0,0.0,3.0,0,2.0,3.0
20130623,201306232014,2013 06/23 2014,2013,6,23,2014,201306210314.0,N/A 06/21 0314,6.0,21.0,314.0,201306240520.0,2013 06/24 0520,2013,6,24,520.0,M2,14,0.0,0.0,0.0,0.0,0.0,0.0,3.0,0.0,3.0,0,1.0,1.0
20130930,201309300505,2013 09/30 0505,2013,9,30,505,201309292337.0,N/A 09/29 2337,9.0,29.0,2337.0,201309302005.0,2013 09/30 2005,2013,9,30,2005.0,C1,182,0.0,1.0,0.0,0.0,0.0,0.0,0.0,0.0,1.0,0,0.0,2.0
20131228,201312282150,2013 12/28 2150,2013,12,28,2150,201312281802.0,N/A 12/28 1802,12.0,28.0,1802.0,201312282315.0,2013 12/28 2315,2013,12,28,2315.0,C9,29,0.0,0.0,0.0,0.0,0.0,0.0,0.0,1.0,1.0,0,0.0,1.0
20140106,201401060915,2014 01/06 0915,2014,1,6,915,,,,,,201401061600.0,2014 01/06 1600,2014,1,6,1600.0,,42,0.0,0.0,0.0,0.0,0.0,0.0,0.0,0.0,0.0,0,,1.0
20140106,201401060915,2014 01/06 0915,2014,1,6,915,201401071832.0,N/A 01/07 1832,1.0,7.0,1832.0,201401090340.0,2014 01/09 0340,2014,1,9,340.0,X1,1026,0.0,0.0,0.0,0.0,0.0,0.0,0.0,0.0,0.0,0,3.0,3.0
20140220,201402200850,2014 02/20 0850,2014,2,20,850,201402200756.0,N/A 02/20 0756,2.0,20.0,756.0,201402200925.0,2014 02/20 0925,2014,2,20,925.0,M3,22,0.0,0.0,6.0,0.0,0.0,0.0,0.0,0.0,6.0,2,1.0,1.0
20140225,201402251355,2014 02/25 1355,2014,2,25,1355,201402250049.0,N/A 02/25 0049,2.0,25.0,49.0,201402250845.0,2014 02/25 0845,2014,2,25,845.0,X4,103,0.0,0.0,0.0,0.0,1.0,0.0,0.0,0.0,1.0,0,3.0,2.0
20140418,201404181525,2014 04/18 1525,2014,4,18,1525,201404181303.0,N/A 04/18 1303,4.0,18.0,1303.0,201404190105.0,2014 04/19 0105,2014,4,19,105.0,M7,58,0.0,0.0,0.0,0.0,0.0,1.0,0.0,0.0,1.0,0,2.0,1.0
20140911,201409110240,2014 09/11 0240,2014,9,11,240,201409101745.0,N/A 09/10 1745,9.0,10.0,1745.0,201409121555.0,2014 09/12 1555,2014,9,12,1555.0,X1,126,3.0,0.0,0.0,0.0,0.0,0.0,0.0,0.0,3.0,0,3.0,2.0
20150618,201506181135,2015 06/18 1135,2015,6,18,1135,201506180127.0,N/A 06/18 0127,6.0,18.0,127.0,201506181445.0,2015 06/18 1445,2015,6,18,1445.0,M1,17,0.0,0.0,0.0,2.0,0.0,0.0,0.0,0.0,2.0,0,1.0,1.0
20150621,201506212135,2015 06/21 2135,2015,6,21,2135,201506210142.0,1N 06/21 0142,6.0,21.0,142.0,201506221900.0,2015 06/22 1900,2015,6,22,1900.0,M2,1066,0.0,0.0,0.0,0.0,0.0,0.0,0.0,3.0,3.0,0,1.0,3.0
20150626,201506260350,2015 06/26 0350,2015,6,26,350,201506250816.0,N/A 06/25 0816,6.0,25.0,816.0,201506270030.0,2015 06/27 0030,2015,6,27,30.0,M7,22,0.0,3.0,0.0,0.0,0.0,0.0,0.0,0.0,3.0,0,2.0,1.0
20151029,201510290550,2015 10/29 0550,2015,10,29,550,,,,,,201510291000.0,2015 10/29 1000,2015,10,29,1000.0,,23,0.0,1.0,0.0,0.0,0.0,0.0,0.0,0.0,1.0,0,,1.0
20160102,201601020430,2016 01/02 0430,2016,1,2,430,201601020011.0,N/A 01/02 0011,1.0,2.0,11.0,201601020450.0,2016 01/02 0450,2016,1,2,450.0,M2,21,0.0,2.0,0.0,0.0,0.0,0.0,0.0,0.0,2.0,0,1.0,1.0
20170714,201707140900,2017 07/14 0900,2017,7,14,900,201707140209.0,N/A 07/14 0209,7.0,14.0,209.0,201707142320.0,2017 07/14 2320,2017,7,14,2320.0,M2,22,0.0,0.0,0.0,1.0,0.0,0.0,0.0,0.0,1.0,0,1.0,1.0
20170905,201709050040,2017 09/05 0040,2017,9,5,40,201709042033.0,N/A 09/04 2033,9.0,4.0,2033.0,201709080035.0,2017 09/08 0035,2017,9,8,35.0,M5,844,4.0,0.0,0.0,0.0,0.0,0.0,0.0,0.0,4.0,0,2.0,2.0
20170910,201709101645,2017 09/10 1645,2017,9,10,1645,201709101606.0,N/A 09/10 1606,9.0,10.0,1606.0,201709111145.0,2017 09/11 1145,2017,9,11,1145.0,X8,1494,0.0,0.0,0.0,0.0,0.0,3.0,0.0,0.0,3.0,0,3.0,3.0
20210529,202105290300,2021 05/29 0300,2021,5,29,300,202105282313.0,1F 05/28 2313,5.0,28.0,2313.0,202105290320.0,2021 05/29 0320,2021,5,29,320.0,C9,15,0.0,1.0,0.0,0.0,0.0,0.0,0.0,0.0,1.0,0,0.0,1.0
20211028,202110281635,2021 10/28 1635,2021,10,28,1635,202110281535.0,2N 10/28 1535,10.0,28.0,1535.0,202110290250.0,2021 10/29 0250,2021,10,29,250.0,X1,29,0.0,0.0,0.0,0.0,0.0,2.0,0.0,0.0,2.0,0,3.0,1.0
20211030,202110302100,2021 10/30 2100,2021,10,30,2100,202110281535.0,2N 10/28 1535,10.0,28.0,1535.0,202110302105.0,2021 10/30 2105,2021,10,30,2105.0,X1,11,0.0,0.0,0.0,0.0,0.0,0.0,0.0,4.0,4.0,0,3.0,1.0
20220120,202201200800,2022 01/20 0800,2022,1,20,800,202201200601.0,Sf 01/20 0601,1.0,20.0,601.0,202201201015.0,2022 01/20 1015,2022,1,20,1015.0,M5,22,0.0,0.0,1.0,0.0,0.0,0.0,0.0,0.0,1.0,0,2.0,1.0
20220328,202203281325,2022 03/28 1325,2022,3,28,1325,202203281129.0,2N 03/28 1129,3.0,28.0,1129.0,202203281450.0,2022 03/28 1450,2022,3,28,1450.0,M4,19,0.0,0.0,0.0,0.0,1.0,0.0,0.0,0.0,1.0,0,1.0,1.0
20220331,202203310620,2022 03/31 0620,2022,3,31,620,202203301737.0,N/A 03/30 1737,3.0,30.0,1737.0,202203310630.0,2022 03/31 0630,2022,3,31,630.0,X1,11,0.0,0.0,4.0,0.0,0.0,0.0,0.0,0.0,4.0,0,3.0,1.0
20220402,202204021430,2022 04/02 1430,2022,4,2,1430,202203281129.0,SN 03/28 1129,3.0,28.0,1129.0,202204021600.0,2022 04/02 1600,2022,4,2,1600.0,M3,32,0.0,0.0,0.0,0.0,2.0,0.0,0.0,0.0,2.0,0,1.0,1.0
20220827,202208271155,2022 08/27 1155,2022,8,27,1155,202208271138.0,N/A 08/27 1138,8.0,27.0,1138.0,202208271220.0,2022 08/27 1220,2022,8,27,1220.0,M1,27,0.0,0.0,0.0,4.0,0.0,0.0,0.0,0.0,4.0,0,1.0,1.0
20230225,202302252110,2023 02/25 2110,2023,2,25,2110,202302251944.0,3N 02/25 1944,2.0,25.0,1944.0,202302260440.0,2023 02/26 0440,2023,2,26,440.0,M6,58,0.0,0.0,0.0,0.0,0.0,0.0,0.0,3.33,3.33,0,2.0,1.0
20230313,202303130735,2023 03/13 0735,2023,3,13,735,,event,,,,202303150425.0,2023 03/15 0425,2023,3,15,425.0,farside,22,0.0,0.0,0.67,0.0,0.0,0.0,0.0,0.0,0.67,0,,1.0
20230423,202304231815,2023 04/23 1815,2023,4,23,1815,202304211812.0,04/21 1812,4.0,21.0,1812.0,202304231820.0,2023 04/23 1820,2023,4,23,1820.0,M1.7,26,0.0,0.0,0.0,0.0,0.0,0.0,8.0,0.0,8.0,4,1.0,1.0
20230508,202305081240,2023 05/08 1240,2023,5,8,1240,202305072323.0,05/07 2323,5.0,7.0,2323.0,202305090150.0,2023 05/09 0150,2023,5,9,150.0,M1.6,38,0.0,0.0,0.0,0.0,3.33,0.0,0.0,0.0,3.33,0,1.0,1.0
20230509,202305092335,2023 05/09 2335,2023,5,9,2335,,1B 09/1858,,,,202305101250.0,2023 05/10 1250,2023,5,10,1250.0,M4,83,0.0,0.0,0.0,0.0,0.0,0.0,0.0,4.67,4.67,0,1.0,1.0
20230716,202307160635,2023 07/16 0635,2023,7,16,635,,,,,,202307160735.0,2023 07/16 0735,2023,7,16,735.0,,18,0.0,0.0,1.0,0.0,0.0,0.0,0.0,0.0,1.0,0,,1.0
20230718,202307180115,2023 07/18 0115,2023,7,18,115,202307180006.0,07/18 0006,7.0,18.0,6.0,202307180615.0,2023 07/18 0615,2023,7,18,615.0,M5,620,4.67,0.0,0.0,0.0,0.0,0.0,0.0,0.0,4.67,0,2.0,2.0
20230729,202307290020,2023 07/29 0020,2023,7,29,20,202307281558.0,07/28 1558,7.0,28.0,1558.0,202307290920.0,2023 07/29 0920,2023,7,29,920.0,M4,154,2.33,0.0,0.0,0.0,0.0,0.0,0.0,0.0,2.33,0,1.0,2.0
20230805,202308051115,2023 08/05 1115,2023,8,5,1115,202308050718.0,08/05 0718,8.0,5.0,718.0,202308051745.0,2023 08/05 1745,2023,8,5,1745.0,M1,18,0.0,0.0,0.0,5.0,0.0,0.0,0.0,0.0,5.0,1,1.0,1.0
20230808,202308080115,2023 08/08 0115,2023,8,8,115,202308072046.0,08/07 2046,8.0,7.0,2046.0,202308090025.0,2023 08/09 0025,2023,8,9,25.0,X1,47,4.0,0.0,0.0,0.0,0.0,0.0,0.0,0.0,4.0,0,3.0,1.0
20230901,202309010430,2023 09/01 0430,2023,9,1,430,202309010351.0,09/01 0351,9.0,1.0,351.0,202309010610.0,2023 09/01 0610,2023,9,1,610.0,M1,25,0.0,2.67,0.0,0.0,0.0,0.0,0.0,0.0,2.67,0,1.0,1.0
20231215,202312152345,2023 12/15 2345,2023,12,15,2345,,,,,,202312160015.0,2023 12/16 0015,2023,12,16,15.0,,13,0.0,0.0,0.0,0.0,0.0,0.0,0.0,3.33,3.33,0,,1.0
20240103,202401032005,2024 01/03 2005,2024,1,3,2005,202412312203.0,3B 12/31 2203,12.0,31.0,2203.0,202401040835.0,2024 01/04 0835,2024,1,4,835.0,X5,20,0.0,0.0,0.0,0.0,0.0,0.0,3.0,0.0,3.0,0,3.0,1.0
20240129,202401290615,2024 01/29 0615,2024,1,29,615,202401290438.0,Sf 01/29 0438,1.0,29.0,438.0,202401291805.0,2024 01/29 1805,2024,1,29,1805.0,M6.7,137,0.0,0.0,1.33,0.0,0.0,0.0,0.0,0.0,1.33,0,2.0,2.0
20240209,202402091530,2024 02/09 1530,2024,2,9,1530,202402091314.0,02/09 1314,2.0,9.0,1314.0,202402092355.0,2024 02/09 2355,2024,2,9,2355.0,X3.3,187,0.0,0.0,0.0,0.0,0.0,0.67,0.0,0.0,0.67,0,3.0,2.0
20240212,202402120805,2024 02/12 0805,2024,2,12,805,202402120554.0,Sf 02/12 0554,2.0,12.0,554.0,202402131605.0,2024 02/13 1605,2024,2,13,1605.0,C9.6,118,0.0,0.0,2.0,0.0,0.0,0.0,0.0,0.0,2.0,0,0.0,2.0
20240323,202403230815,2024 03/23 0815,2024,3,23,815,202403230133.0,2F 03/23 0133,3.0,23.0,133.0,202403231820.0,2024 03/23 1820,2024,3,23,1820.0,X1.1,956,0.0,0.0,4.67,0.0,0.0,0.0,0.0,0.0,4.67,0,3.0,2.0
20240510,202405101335,2024 05/10 1335,2024,5,10,1335,202405100654.0,05/10 0654,5.0,10.0,654.0,202405101745.0,2024 05/10 1745,2024,5,10,1745.0,X3.9,208,0.0,0.0,0.0,0.0,2.67,0.0,0.0,0.0,2.67,0,3.0,2.0
20240511,202405110210,2024 05/11 0210,2024,5,11,210,202405110123.0,05/11 0123,5.0,11.0,123.0,202405110910.0,2024 05/11 0910,2024,5,11,910.0,X5.8,116,9.0,0.0,0.0,0.0,0.0,0.0,0.0,0.0,9.0,5,3.0,2.0
20240608,202406080255,2024 06/08 0255,2024,6,8,255,202406080149.0,06/08 0149,6.0,8.0,149.0,202406080800.0,2024 06/08 0800,2024,6,8,800.0,M9.7,1030,4.33,0.0,0.0,0.0,0.0,0.0,0.0,0.0,4.33,0,2.0,3.0
20240723,202407230300,2024 07/23 0300,2024,7,23,300,,,,,,202407231040.0,2024 07/23 1040,2024,7,23,1040.0,,24,0.0,1.0,0.0,0.0,0.0,0.0,0.0,0.0,1.0,0,,1.0
20240909,202409091640,2024 09/09 1640,2024,9,9,1640,202409090332.0,09/09 0332,9.0,9.0,332.0,202409092250.0,2024 09/09 2250,2024,9,9,2250.0,M1.0,34,0.0,0.0,0.0,0.0,0.0,2.0,0.0,0.0,2.0,0,1.0,1.0
20240917,202409170735,2024 09/17 0735,2024,9,17,735,202409162357.0,09/16 2357,9.0,16.0,2357.0,202409171050.0,2024 09/17 1050,2024,9,17,1050.0,C9.6,33,0.0,0.0,5.33,0.0,0.0,0.0,0.0,0.0,5.33,1,0.0,1.0
20241009,202410090505,2024 10/09 0505,2024,10,9,505,202410090156.0,10/09 0156,10.0,9.0,156.0,202410101515.0,2024 10/10 1515,2024,10,10,1515.0,X1.8,1810,0.0,4.67,0.0,0.0,0.0,0.0,0.0,0.0,4.67,0,3.0,3.0
20241026,202410261910,2024 10/26 1910,2024,10,26,1910,202410260719.0,10/26 0719,10.0,26.0,719.0,202410280350.0,2024 10/28 0350,2024,10,28,350.0,X1.8,364,0.0,0.0,0.0,0.0,0.0,0.0,4.0,0.0,4.0,0,3.0,2.0
20241121,202411211925,2024 11/21 1925,2024,11,21,1925,,,,,,202411220355.0,2024 11/22 0355,2024,11,22,355.0,,125,0.0,0.0,0.0,0.0,0.0,0.0,3.0,0.0,3.0,0,,2.0
20250104,202501042235,2025 01/04 2235,2025,1,4,2235,202501041915.0,01/04 1915,1.0,4.0,1915.0,202501050055.0,2025 01/05 0055,2025,1,5,55.0,C7.6,20,0.0,0.0,0.0,0.0,0.0,0.0,0.0,3.67,3.67,0,0.0,1.0
20250225,202502250020,2025 02/25 0020,2025,2,25,20,202502242302.0,02/24 2302,2.0,24.0,2302.0,202502250240.0,2025 02/25 0240,2025,2,25,240.0,M3.9,37,1.67,0.0,0.0,0.0,0.0,0.0,0.0,0.0,1.67,0,1.0,1.0
