Date_Number,Begin_Time(UTC),Begin_Year,Begin_Month,Begin_Day,Begin_Time,Flare_Date_Number,Flare_Max(UTC),Flare_Month,Flare_Day,Flare_Time,Max_Date_Number,Max_Time(UTC),Max_Year,Max_Month,Max_Day,Max_Time,Flare_Level,>10MeV_Max(pfu)
19760430,1976 04/30 2120,1976,04,30,2120,,2B 4/30 2114,,,,197605011700,1976 05/01 1700,1976,05,01,1700,X2,12
19770919,1977 09/19 1430,1977,09,19,1430,197709191054,3B 09/19 1054,09,19,1054,197709192130,1977 09/19 2130,1977,09,19,2130,X2,200
19771122,1977 11/22 1400,1977,11,22,1400,197711221006,2N 11/22 1006,11,22,1006,197711221800,1977 11/22 1800,1977,11,22,1800,X1,160
19780213,1978 02/13 0930,1978,02,13,0930,197802130255,0B 02/13 0255,02,13,0255,197802141000,1978 02/14 1000,1978,02,14,1000,M7,850
19780411,1978 04/11 1530,1978,04,11,1530,,2B 0411 1353,,,,197804111630,1978 04/11 1630,1978,04,11,1630,X2,65
19780429,1978 04/29 0445,1978,04,29,0445,197804281306,4B 04/28 1306,04,28,1306,197804302000,1978 04/30 2000,1978,04,30,2000,X5,1000
19780507,1978 05/07 0420,1978,05,07,0420,197805070330,2B 05/07 0330,05,07,0330,197805070420,1978 05/07 0420,1978,05,07,0420,X2,100
19780602,1978 06/02 0730,1978,06,02,0730,197805311009,2B 05/31 1009,05,31,1009,197806020935,1978 06/02 0935,1978,06,02,0935,M5,19
19780624,1978 06/24 0900,1978,06,24,0900,197806221709,3B 06/22 1709,06,22,1709,197806250230,1978 06/25 0230,1978,06,25,0230,M2,25
19780713,1978 07/13 0300,1978,07,13,0300,,,,,,197807131000,1978 07/13 1000,1978,07,13,1000,NA,20
19780923,1978 09/23 1035,1978,09,23,1035,197809231023,3B 09/23 1023,09,23,1023,197809240400,1978 09/24 0400,1978,09,24,0400,X1,2200
19781110,1978 11/10 2130,1978,11,10,2130,197811100042,2N 11/10 0042,11,10,0042,197811102205,1978 11/10 2205,1978,11,10,2205,M1,38
19790217,1979 02/17 2020,1979,02,17,2020,197902160200,2B 02/16 0200,02,16,0200,197902172205,1979 02/17 2205,1979,02,17,2205,X2,31
19790403,1979 04/03 1600,1979,04,03,1600,,,,,,197904032310,1979 04/03 2310,1979,04,03,2310,NA,45
19790606,1979 06/06 1850,1979,06,06,1850,197906050529,1N 06/05 0529,06,05,0529,197906070005,1979 06/07 0005,1979,06,07,0005,X2,950
19790707,1979 07/07 0015,1979,07,07,0015,,,,,,,1979 07/07/1010,1979,07,07,,NA,50
19790819,1979 08/19 0850,1979,08,19,0850,197908181416,1B 08/18 1416,08,18,1416,197908210740,1979 08/21 0740,1979,08,21,0740,X6,500
19790915,1979 09/15 1500,1979,09,15,1500,197909140802,N/A 09/14 0802,09,14,0802,197909161200,1979 09/16 1200,1979,09,16,1200,X2,60
19791116,1979 11/16 0430,1979,11,16,0430,197911151639,0B 11/15 1639,11,15,1639,197911161300,1979 11/16 1300,1979,11,16,1300,M1,75
19800206,1980 02/06 1340,1980,02,06,1340,,,,,,198002061850,1980 02/06 1850,1980,02,06,1850,NA,12
19800717,1980 07/17 2300,1980,07,17,2300,198007170603,1B 07/17 0603,07,17,0603,198007191930,1980 07/19 1930,1980,07,19,1930,M3,100
19810330,1981 03/30 0900,1981,03,30,0900,198103300049,2N 03/30 0049,03,30,0049,198103302115,1981 03/30 2115,1981,03,30,2115,M3,30
19810410,1981 04/10 1745,1981,04,10,1745,198104101655,3B 04/10 1655,04,10,1655,198104111400,1981 04/11 1400,1981,04,11,1400,X2,50
19810424,1981 04/24 1515,1981,04,24,1515,198104241400,2B 04/24 1400,04,24,1400,198104242330,1981 04/24 2330,1981,04,24,2330,X5,160
19810509,1981 05/09 1200,1981,05,09,1200,198105082252,2B 05/08 2252,05,08,2252,198105102130,1981 05/10 2130,1981,05,10,2130,M7,150
19810515,1981 05/15 0300,1981,05,15,0300,198105130425,3B 05/13 0425,05,13,0425,198105161950,1981 05/16 1950,1981,05,16,1950,X1,130
19810720,1981 07/20 1430,1981,07,20,1430,198107201329,1B 07/20 1329,07,20,1329,198107201825,1981 07/20 1825,1981,07,20,1825,M5,100
19810725,1981 07/25 0600,1981,07,25,0600,,,,,,198107251320,1981 07/25 1320,1981,07,25,1320,NA,18
19810810,1981 08/10 0115,1981,08,10,0115,198108071916,2B 08/07 1916,08,07,1916,198108100435,1981 08/10 0435,1981,08,10,0435,M4,57
19811008,1981 10/08 1235,1981,10,08,1235,198110072308,1B 10/07 2308,10,07,2308,198110132247,1981 10/13 2247,1981,10,13,2247,X3,2000
19811210,1981 12/10 0545,1981,12,10,0545,198112091854,3B 12/09 1854,12,09,1854,198112110900,1981 12/11 0900,1981,12,11,0900,M5,65
19820131,1982 01/31 0055,1982,01,31,0055,198201302358,3B 01/30 2358,01,30,2358,198201311630,1982 01/31 1630,1982,01,31,1630,X1,830
19820606,1982 06/06 0245,1982,06,06,0245,198206031146,2B 06/03 1146,06,03,1146,198206060245,1982 06/06 0245,1982,06,06,0245,X8,10
19820609,1982 06/09 0040,1982,06,09,0040,198206061654,3B 06/06 1654,06,06,1654,198206090510,1982 06/09 0510,1982,06,09,0510,X12,30
19820711,1982 07/11 0700,1982,07,11,0700,198207090742,3B 07/09 0742,07,09,0742,198207131615,1982 07/13 1615,1982,07,13,1615,X9,2900
19820722,1982 07/22 2030,1982,07,22,2030,198207221734,0F 07/22 1734,07,22,1734,198207230220,1982 07/23 0220,1982,07,23,0220,M4,240
19820905,1982 09/05 2205,1982,09,05,2205,198209040400,3N 09/04 0400,09,04,0400,198209060100,1982 09/06 0100,1982,09,06,0100,M4,66
19821122,1982 11/22 1940,1982,11,22,1940,198211221828,1N 11/22 1828,11,22,1828,198211222140,1982 11/22 2140,1982,11,22,2140,M7,40
19821126,1982 11/26 0605,1982,11,26,0605,198211260253,2B 11/26 0253,11,26,0253,198211261500,1982 11/26 1500,1982,11,26,1500,X4,25
19821208,1982 12/08 0010,1982,12,08,0010,198212072354,1B 12/07 2354,12,07,2354,198212081000,1982 12/08 1000,1982,12,08,1000,X2,1000
19821217,1982 12/17 1845,1982,12,17,1845,198212150202,2B 12/15 0202,12,15,0202,198212180945,1982 12/18 0945,1982,12,18,0945,X12,130
19821219,1982 12/19 1920,1982,12,19,1920,198212191624,2B 12/19 1624,12,19,1624,198212200515,1982 12/20 0515,1982,12,20,0515,M9,85
19821227,1982 12/27 0600,1982,12,27,0600,198212250752,1B 12/25 0752,12,25,0752,198212271345,1982 12/27 1345,1982,12,27,1345,X2,190
19830203,1983 02/03 1200,1983,02,03,1200,198302030619,3B 02/03 0619,02,03,0619,198302041620,1983 02/04 1620,1983,02,04,1620,X4,340
19830615,1983 06/15 0435,1983,06,15,0435,,A 06/14,,,,198306151800,1983 06/15 1800,1983,06,15,1800,N,18
19840216,1984 02/16 0915,1984,02,16,0915,,,,,,198402161005,1984 02/16 1005,1984,02,16,1005,NA,660
19840219,1984 02/19 1310,1984,02,19,1310,198402172301,2B 02/17 2301,02,17,2301,198402211415,1984 02/21 1415,1984,02,21,1415,X2,55
19840313,1984 03/13 1440,1984,03,13,1440,,,,,,198403131450,1984 03/13 1450,1984,03,13,1450,NA,10
19840314,1984 03/14 0405,1984,03,14,0405,198403140334,1B 03/14 0334,03,14,0334,198403140505,1984 03/14 0505,1984,03,14,0505,M2,100
19840425,1984 04/25 1330,1984,04,25,1330,198404250025,3B 04/25 0025,04,25,0025,198404261420,1984 04/26 1420,1984,04,26,1420,X13,2500
19840524,1984 05/24 1045,1984,05,24,1045,198405221503,2B 05/22 1503,05,22,1503,198405241140,1984 05/24 1140,1984,05,24,1140,M6,31
19840531,1984 05/31 1315,1984,05,31,1315,198405311142,?? 05/31 1142,05,31,1142,198405311415,1984 05/31 1415,1984,05,31,1415,M1,14
19850122,1985 01/22 0415,1985,01,22,0415,198501212350,2B 01/21 2350,01,21,2350,198501220550,1985 01/22 0550,1985,01,22,0550,X4,14
19850425,1985 04/25 1430,1985,04,25,1430,198504240935,3B 04/24 0935,04,24,0935,198504260600,1985 04/26 0600,1985,04,26,0600,X1,160
19850709,1985 07/09 0235,1985,07,09,0235,198507090204,1B 07/09 0204,07,09,0204,198507090325,1985 07/09 0325,1985,07,09,0325,M2,140
19860206,1986 02/06 0825,1986,02,06,0825,198602060625,3B 02/06 0625,02,06,0625,198602071730,1986 02/07 1730,1986,02,07,1730,X1,50
19860207,1986 02/07 1310,1986,02,07,1310,198602070913,2B 02/07 0913,02,07,0913,198602071750,1986 02/07 1750,1986,02,07,1750,M5,77
19860214,1986 02/14 1455,1986,02,14,1455,198602140929,1N 02/14 0929,02,14,0929,198602142110,1986 02/14 2110,1986,02,14,2110,M6,111
19860306,1986 03/06 1835,1986,03,06,1835,198603061703,1F 03/06 1703,03,06,1703,198603061930,1986 03/06 1930,1986,03,06,1930,C4,13
19860504,1986 05/04 1835,1986,05,04,1835,,,,,,198605041930,1986 05/04 1930,1986,05,04,1930,NA,16
19871108,1987 11/08 0145,1987,11,08,0145,198711072013,N/A 11/07 2013,11,07,2013,198711080945,1987 11/08 0945,1987,11,08,0945,M1,41
19880103,1988 01/03 0100,1988,01,03,0100,198801022144,3B 01/02 2144,01,02,2144,198801030730,1988 01/03 0730,1988,01,03,0730,X1,32
19880325,1988 03/25 2250,1988,03,25,2250,198803252153,N/A 03/25 2153,03,25,2153,198803252310,1988 03/25 2310,1988,03,25,2310,C4,33
19880630,1988 06/30 1125,1988,06,30,1125,198806300905,2B 06/30 0905,06,30,0905,198806301135,1988 06/30 1135,1988,06,30,1135,M9,12
19880826,1988 08/26 0030,1988,08,26,0030,198808231735,SF 08/23 1735,08,23,1735,198808260045,1988 08/26 0045,1988,08,26,0045,M2,12
19881012,1988 10/12 0920,1988,10,12,0920,,,,,,198810120930,1988 10/12 0930,1988,10,12,0930,NA,12
19881108,1988 11/08 2225,1988,11,08,2225,,,,,,198811090810,1988 11/09 0810,1988,11,09,0810,NA,13
19881114,1988 11/14 0130,1988,11,14,0130,,,,,,198811140310,1988 11/14 0310,1988,11,14,0310,NA,13
19881217,1988 12/17 2220,1988,12,17,2220,198812160845,1B 12/16 0845,12,16,0845,198812180150,1988 12/18 0150,1988,12,18,0150,X4,12
19890104,1989 01/04 2305,1989,01,04,2305,,,,,,198901050130,1989 01/05 0130,1989,01,05,0130,NA,28
19890308,1989 03/08 1755,1989,03,08,1755,198903061406,3B 03/06 1406,03,06,1406,198903100000,1989 03/10 0000,1989,03,10,0000,X15,137
19890310,1989 03/10 2205,1989,03,10,2205,198903171744,3B 03/17 1744,03,17,1744,198903130645,1989 03/13 0645,1989,03,13,0645,X4,1860
19890317,1989 03/17 1900,1989,03,17,1900,198903171743,2B 03/17 1743,03,17,1743,198903180920,1989 03/18 0920,1989,03,18,0920,X6,1250
19890323,1989 03/23 2055,1989,03,23,2055,198903231958,3B 03/23 1958,03,23,1958,198903232220,1989 03/23 2220,1989,03,23,2220,X1,29
19890411,1989 04/11 1555,1989,04,11,1555,198904102323,SF 04/10 2323,04,10,2323,198904120005,1989 04/12 0005,1989,04,12,0005,M1,218
19890505,1989 05/05 0905,1989,05,05,0905,,,,,,198905051000,1989 05/05 1000,1989,05,05,1000,NA,27
19890506,1989 05/06 0615,1989,05,06,0615,198905050736,3B 05/05 0736,05,05,0736,198905061055,1989 05/06 1055,1989,05,06,1055,X2,47
19890523,1989 05/23 1135,1989,05,23,1135,,,,,,198905231358,1989 05/23 1358,1989,05,23,1358,NA,68
19890524,1989 05/24 0730,1989,05,24,0730,,,,,,198905240905,1989 05/24 0905,1989,05,24,0905,NA,15
19890618,1989 06/18 1650,1989,06,18,1650,,,,,,198906181910,1989 06/18 1910,1989,06,18,1910,NA,18
19890630,1989 06/30 0655,1989,06,30,0655,,,,,,198906300710,1989 06/30 0710,1989,06,30,0710,NA,17
19890701,1989 07/01 0655,1989,07,01,0655,,,,,,198907010720,1989 07/01 0720,1989,07,01,0720,NA,17
19890725,1989 07/25 0935,1989,07,25,0935,198907250843,2N 07/25 0843,07,25,0843,198907251220,1989 07/25 1220,1989,07,25,1220,X2,32
19890812,1989 08/12 1620,1989,08,12,1620,198908121426,2B 08/12 1426,08,12,1426,198908130705,1989 08/13 0705,1989,08,13,0705,X2,6550
19890815,1989 08/15 0620,1989,08,15,0620,198906150313,SF 06/15 0313,06,15,0313,198908151725,1989 08/15 1725,1989,08,15,1725,X1,351
19890816,1989 08/16 0125,1989,08,16,0125,198908160123,2N 08/16 0123,08,16,0123,198908161425,1989 08/16 1425,1989,08,16,1425,X20,1430
19890817,1989 08/17 0615,1989,08,17,0615,198908170121,SF 08/17 0121,08,17,0121,198908170945,1989 08/17 0945,1989,08,17,0945,X2,986
19890819,1989 08/19 1725,1989,08,19,1725,198908192008,N/A 08/19 2008,08,19,2008,198908200155,1989 08/20 0155,1989,08,20,0155,C8,258
19890904,1989 09/04 0240,1989,09,04,0240,198909031431,1B 09/03 1431,09,03,1431,198909040920,1989 09/04 0920,1989,09,04,0920,X1,16
19890912,1989 09/12 2210,1989,09,12,2210,198909120814,N/A 09/12 0814,09,12,0814,198909130825,1989 09/13 0825,1989,09,13,0825,M5,32
19890929,1989 09/29 1200,1989,09,29,1200,198909291132,N/A 09/29 1132,09,29,1132,198909300210,1989 09/30 0210,1989,09,30,0210,X9,2960
19891006,1989 10/06 0500,1989,10,06,0500,,,,,,198910060825,1989 10/06 0825,1989,10,06,0825,NA,22
19891019,1989 10/19 1310,1989,10,19,1310,198910191306,4B 10/19 1306,10,19,1306,198910201600,1989 10/20 1600,1989,10,20,1600,X13,42200
19891022,1989 10/22 1755,1989,10,22,1755,198910221804,2B 10/22 1804,10,22,1804,198910230715,1989 10/23 0715,1989,10,23,0715,X2,5330
19891024,1989 10/24 1825,1989,10,24,1825,198910241829,3B 10/24 1829,10,24,1829,198910250210,1989 10/25 0210,1989,10,25,0210,X5,2530
19891029,1989 10/29 0620,1989,10,29,0620,198910290450,N/A 10/29 0450,10,29,0450,198910291005,1989 10/29 1005,1989,10,29,1005,M4,24
19891109,1989 11/09 0345,1989,11,09,0345,198911081912,2B 11/08 1912,11,08,1912,198911090445,1989 11/09 0445,1989,11,09,0445,M9,15
19891115,1989 11/15 0755,1989,11,15,0755,198911150658,3B 11/15 0658,11,15,0658,198911150905,1989 11/15 0905,1989,11,15,0905,X3,38
19891127,1989 11/27 2140,1989,11,27,2140,198911261941,2B 11/26 1941,11,26,1941,198911281105,1989 11/28 1105,1989,11,28,1105,M4,165
19891130,1989 11/30 1410,1989,11,30,1410,198911301230,3B 11/30 1230,11,30,1230,198912011330,1989 12/01 1330,1989,12,01,1330,X2,3590
19900319,1990 03/19 0705,1990,03,19,0705,199003190700,2B 03/19 0700,03,19,0700,199009192315,1990 09/19 2315,1990,09,19,2315,X1,946
19900329,1990 03/29 0920,1990,03,29,0920,199003280750,2N 03/28 0750,03,28,0750,199003291005,1990 03/29 1005,1990,03,29,1005,M4,15
19900407,1990 04/07 2220,1990,04,07,2220,199004031725,1N 04/03 1725,04,03,1725,199004081355,1990 04/08 1355,1990,04,08,1355,X1,19
19900411,1990 04/11 2120,1990,04,11,2120,199004101214,1N 04/10 1214,04,10,1214,199004112120,1990 04/11 2120,1990,04,11,2120,M1,13
19900417,1990 04/17 0400,1990,04,17,0400,199004150300,2B 04/15 0300,04,15,0300,199004170700,1990 04/17 0700,1990,04,17,0700,X1,12
19900428,1990 04/28 1005,1990,04,28,1005,199004280026,SF 04/28 0026,04,28,0026,199004281735,1990 04/28 1735,1990,04,28,1735,C2,149
19900521,1990 05/21 2355,1990,05,21,2355,199005212218,2B 05/21 2218,05,21,2218,199005220750,1990 05/22 0750,1990,05,22,0750,X5,409
19900524,1990 05/24 2125,1990,05,24,2125,199005242050,1B 05/24 2050,05,24,2050,199005250115,1990 05/25 0115,1990,05,25,0115,X9,177
19900526,1990 05/26 2110,1990,05,26,2110,199005262057,N/A 05/26 2057,05,26,2057,199005270120,1990 05/27 0120,1990,05,27,0120,X1,88
19900528,1990 05/28 0645,1990,05,28,0645,199005280433,N/A 05/28 0433,05,28,0433,199005290100,1990 05/29 0100,1990,05,29,0100,C1,45
19900612,1990 06/12 1140,1990,06,12,1140,199006120540,2B 06/12 0540,06,12,0540,199006121700,1990 06/12 1700,1990,06,12,1700,M6,79
19900726,1990 07/26 1100,1990,07,26,1100,199007252333,2N 07/25 2333,07,25,2333,199007262315,1990 07/26 2315,1990,07,26,2315,M2,20
19900801,1990 08/01 0020,1990,08,01,0020,199007300736,2B 07/30 0736,07,30,0736,199008012045,1990 08/01 2045,1990,08,01,2045,M4,227
19910131,1991 01/31 1130,1991,01,31,1130,199101310229,2B 01/31 0229,01,31,0229,199101311620,1991 01/31 1620,1991,01,31,1620,X1,242
19910225,1991 02/25 1200,1991,02,25,1200,199102250818,2N 02/25 0818,02,25,0818,199102251305,1991 02/25 1305,1991,02,25,1305,X1,12
19910323,1991 03/23 0820,1991,03,23,0820,199103222246,3B 03/22 2246,03,22,2246,199103240350,1991 03/24 0350,1991,03,24,0350,X9,43500
19910329,1991 03/29 2120,1991,03,29,2120,,,,,,199103300330,1991 03/30 0330,1991,03,30,0330,NA,20
19910403,1991 04/03 0815,1991,04,03,0815,199104022326,3B 04/02 2326,04,02,2326,199104041000,1991 04/04 1000,1991,04,04,1000,M6,52
19910513,1991 05/13 0300,1991,05,13,0300,199105130142,N/A 05/13 0142,05,13,0142,199105130905,1991 05/13 0905,1991,05,13,0905,M8,358
19910531,1991 05/31 1150,1991,05,31,1150,199105292344,2B 05/29 2344,05,29,2344,199106010500,1991 06/01 0500,1991,06,01,0500,X1,22
19910604,1991 06/04 0820,1991,06,04,0820,199106040352,3B 06/04 0352,06,04,0352,199106070400,1991 06/07 0400,1991,06,07,0400,X12,224
19910611,1991 06/11 0250,1991,06,11,0250,199106110209,3B 06/11 0209,06,11,0209,199106111420,1991 06/11 1420,1991,06,11,1420,X12,3000
19910615,1991 06/15 0835,1991,06,15,0835,199106150821,3B 06/15 0821,06,15,0821,199106151955,1991 06/15 1955,1991,06,15,1955,X12,1400
19910630,1991 06/30 0555,1991,06,30,0555,199106280625,N/A 06/28 0625,06,28,0625,199107021010,1991 07/02 1010,1991,07,02,1010,M6,106
19910707,1991 07/07 0455,1991,07,07,0455,199107070222,2B 07/07 0222,07,07,0222,199107081650,1991 07/08 1650,1991,07,08,1650,X1,2310
19910711,1991 07/11 0035,1991,07,11,0035,199107101227,2N 07/10 1227,07,10,1227,199107110450,1991 07/11 0450,1991,07,11,0450,M3,30
19910711,1991 07/11 2255,1991,07,11,2255,199107111037,3B 07/11 1037,07,11,1037,199107120305,1991 07/12 0305,1991,07,12,0305,M7,17
19910826,1991 08/26 1730,1991,08,26,1730,199108250113,2B 08/25 0113,08,25,0113,199108271830,1991 08/27 1830,1991,08,27,1830,X2,236
19911001,1991 10/01 1700,1991,10,01,1700,199109291533,4B 09/29 1533,09,29,1533,199110011810,1991 10/01 1810,1991,10,01,1810,M7,12
19911028,1991 10/28 1300,1991,10,28,1300,199110270547,3B 10/27 0547,10,27,0547,199110281440,1991 10/28 1440,1991,10,28,1440,X6,39
19911030,1991 10/30 0745,1991,10,30,0745,199110300632,3B 10/30 0632,10,30,0632,199110300810,1991 10/30 0810,1991,10,30,0810,X2,94
19920207,1992 02/07 0645,1992,02,07,0645,199202061047,2B 02/06 1047,02,06,1047,199202071115,1992 02/07 1115,1992,02,07,1115,M4,77
19920316,1992 03/16 0830,1992,03,16,0830,199203150153,3B 03/15 0153,03,15,0153,199203160900,1992 03/16 0900,1992,03,16,0900,M7,10
19920509,1992 05/09 0940,1992,05,09,0940,199205081545,4B 05/08 1545,05,08,1545,199205092100,1992 05/09 2100,1992,05,09,2100,M7,4650
19920625,1992 06/25 2045,1992,06,25,2045,199206252013,2B 06/25 2013,06,25,2013,199206260615,1992 06/26 0615,1992,06,26,0615,X3,389
19920628,1992 06/28 0950,1992,06,28,0950,199206281400,SF 06/28 1400,06,28,1400,199206290235,1992 06/29 0235,1992,06,29,0235,X1,24
19920806,1992 08/06 1145,1992,08,06,1145,199208030706,1N 08/03 0706,08,03,0706,199208061210,1992 08/06 1210,1992,08,06,1210,M4,14
19921030,1992 10/30 1920,1992,10,30,1920,199210301815,2B 10/30 1815,10,30,1815,199210310710,1992 10/31 0710,1992,10,31,0710,X1,2680
19921102,1992 11/02 0305,1992,11,02,0305,199211020307,2B 11/02 0307,11,02,0307,199211020910,1992 11/02 0910,1992,11,02,0910,X9,1060
19930304,1993 03/04 1455,1993,03,04,1455,199303041239,2N 03/04 1239,03,04,1239,199303041615,1993 03/04 1615,1993,03,04,1615,C8,17
19930312,1993 03/12 2010,1993,03,12,2010,199303121815,3B 03/12 1815,03,12,1815,199303130155,1993 03/13 0155,1993,03,13,0155,M7,43
19940220,1994 02/20 0305,1994,02,20,0305,199402200141,3B 02/20 0141,02,20,0141,199402210900,1994 02/21 0900,1994,02,21,0900,M4,10200
19941020,1994 10/20 0030,1994,10,20,0030,199410192127,1F 10/19 2127,10,19,2127,199410200340,1994 10/20 0340,1994,10,20,0340,M3,35
19951020,1995 10/20 0825,1995,10,20,0825,199510200607,0F 10/20 0607,10,20,0607,199510201210,1995 10/20 1210,1995,10,20,1210,M1,62
19971104,1997 11/04 0830,1997,11,04,0830,199711040558,2B 11/04 0558,11,04,0558,199711041300,1997 11/04 1300,1997,11,04,1300,X2,67
19971106,1997 11/06 1305,1997,11,06,1305,199711061155,2B 11/06 1155,11,06,1155,199711070255,1997 11/07 0255,1997,11,07,0255,X9,490
19980420,1998 04/20 1405,1998,04,20,1405,199804201021,N/A 04/20 1021,04,20,1021,199804211145,1998 04/21 1145,1998,04,21,1145,M1,161
19980502,1998 05/02 1415,1998,05,02,1415,199805021342,3B 05/02 1342,05,02,1342,199805021655,1998 05/02 1655,1998,05,02,1655,X1,149
19980506,1998 05/06 0840,1998,05,06,0840,199805060809,1N 05/06 0809,05,06,0809,199805060945,1998 05/06 0945,1998,05,06,0945,X2,239
19980509,1998 05/09 2055,1998,05,09,2055,199805090340,N/A 05/09 0340,05,09,0340,199805100020,1998 05/10 0020,1998,05,10,0020,M7,12
19980824,1998 08/24 2355,1998,08,24,2355,199808242213,3B 08/24 2213,08,24,2213,199808261055,1998 08/26 1055,1998,08,26,1055,X1,665
19980924,1998 09/24 2355,1998,09,24,2355,199809230713,3B 09/23 0713,09,23,0713,199809250130,1998 09/25 0130,1998,09,25,0130,M6,44
19980930,1998 09/30 1520,1998,09,30,1520,199809301350,2N 09/30 1350,09,30,1350,199810010025,1998 10/01 0025,1998,10,01,0025,M2,1160
19981114,1998 11/14 0810,1998,11,14,0810,199811140508,N/A 11/14 0508,11,14,0508,199811141245,1998 11/14 1245,1998,11,14,1245,C1,314
19990123,1999 01/23 1000,1999,01,23,1000,199901202024,N/A 01/20 2024,01,20,2024,199901231135,1999 01/23 1135,1999,01,23,1135,M5,14
19990424,1999 04/24 1820,1999,04,24,1820,,,,,,199904250055,1999 04/25 0055,1999,04,25,0055,NA,31
19990505,1999 05/05 1820,1999,05,05,1820,199905030602,2N 05/03 0602,05,03,0602,199905051955,1999 05/05 1955,1999,05,05,1955,M4,14
19990602,1999 06/02 0220,1999,06,02,0220,,,,,,199906021010,1999 06/02 1010,1999,06,02,1010,NA,48
19990604,1999 06/04 0925,1999,06,04,0925,199906040703,2B 06/04 0703,06,04,0703,199906041055,1999 06/04 1055,1999,06,04,1055,M3,64
20000218,2000 02/18 1115,2000,02,18,1115,,,,,,200002181215,2000 02/18 1215,2000,02,18,1215,NA,13
20000404,2000 04/04 2055,2000,04,04,2055,200004041541,2F 04/04 1541,04,04,1541,200004050930,2000 04/05 0930,2000,04,05,0930,C9,55
20000607,2000 06/07 1310,2000,06,07,1310,200006061525,3B 06/06 1525,06,06,1525,200006080940,2000 06/08 0940,2000,06,08,0940,X2,84
20000610,2000 06/10 1805,2000,06,10,1805,200006101702,3B 06/10 1702,06,10,1702,200006102045,2000 06/10 2045,2000,06,10,2045,M5,46
20000714,2000 07/14 1045,2000,07,14,1045,200007141024,3B 07/14 1024,07,14,1024,200007151230,2000 07/15 1230,2000,07,15,1230,X5,24000
20000722,2000 07/22 1320,2000,07,22,1320,200007221114,2N 07/22 1114,07,22,1114,200007221405,2000 07/22 1405,2000,07,22,1405,M3,17
20000728,2000 07/28 0520,2000,07,28,0520,,,,,,200007280655,2000 07/28 0655,2000,07,28,0655,NA,21
20000811,2000 08/11 1650,2000,08,11,1650,200008091647,SF 08/09 1647,08,09,1647,200008111655,2000 08/11 1655,2000,08,11,1655,C2,17
20000912,2000 09/12 1605,2000,09,12,1605,200009121213,2F 09/12 1213,09,12,1213,200009130340,2000 09/13 0340,2000,09,13,0340,M1,321
20001016,2000 10/16 1110,2000,10,16,1110,200010161139,N/A 10/16 1139,10,16,1139,200010161840,2000 10/16 1840,2000,10,16,1840,M2,15
20001026,2000 10/26 0040,2000,10,26,0040,200010251125,N/A 10/25 1125,10,25,1125,200010260340,2000 10/26 0340,2000,10,26,0340,C4,15
20001108,2000 11/08 2350,2000,11,08,2350,200011082328,3F 11/08 2328,11,08,2328,200011091555,2000 11/09 1555,2000,11,09,1555,M7,14800
20001124,2000 11/24 1600,2000,11,24,1600,200011241513,2B 11/24 1513,11,24,1513,200011242120,2000 11/24 2120,2000,11,24,2120,X2,93
20001125,2000 11/25 2340,2000,11,25,2340,200011250131,2N 11/25 0131,11,25,0131,200011261715,2000 11/26 1715,2000,11,26,1715,M8,591
20001126,2000 11/26 1845,2000,11,26,1845,200011261648,2B 11/26 1648,11,26,1648,200011262030,2000 11/26 2030,2000,11,26,2030,X4,942
20010418,2001 04/18 0315,2001,04,18,0315,200104180314,N/A 04/18 0314,04,18,0314,200104181045,2001 04/18 1045,2001,04,18,1045,C2,32
20010428,2001 04/28 0430,2001,04,28,0430,200104261312,2N 04/26 1312,04,26,1312,200104280500,2001 04/28 0500,2001,04,28,0500,M7,57
20010615,2001 06/15 1750,2001,06,15,1750,,,,,,200106160005,2001 06/16 0005,2001,06,16,0005,NA,26
20010816,2001 08/16 0135,2001,08,16,0135,,,,,,200108160355,2001 08/16 0355,2001,08,16,0355,NA,493
20010924,2001 09/24 0925,2001,09,24,0925,200109241038,2B 09/24 1038,09,24,1038,200109252235,2001 09/25 2235,2001,09,25,2235,X2,12900
20011001,2001 10/01 1245,2001,10,01,1245,200110010515,N/A 10/01 0515,10,01,0515,200110020810,2001 10/02 0810,2001,10,02,0810,M9,2360
20011019,2001 10/19 2225,2001,10,19,2225,200110190105,2B 10/19 0105,10,19,0105,200110192230,2001 10/19 2230,2001,10,19,2230,X1,11
20011022,2001 10/22 1910,2001,10,22,1910,200110221508,2N 10/22 1508,10,22,1508,200110222130,2001 10/22 2130,2001,10,22,2130,M6,24
20011104,2001 11/04 1705,2001,11,04,1705,200111041620,3B 11/04 1620,11,04,1620,200111060215,2001 11/06 0215,2001,11,06,0215,X1,31700
20011119,2001 11/19 1050,2001,11,19,1050,200111170525,1N 11/17 0525,11,17,0525,200111200010,2001 11/20 0010,2001,11,20,0010,M2,34
20011122,2001 11/22 2320,2001,11,22,2320,200111222330,2N 11/22 2330,11,22,2330,200111240555,2001 11/24 0555,2001,11,24,0555,M9,18900
20011226,2001 12/26 0605,2001,12,26,0605,200112260540,1B 12/26 0540,12,26,0540,200112261115,2001 12/26 1115,2001,12,26,1115,M7,779
20011229,2001 12/29 0510,2001,12,29,0510,200112260540,1B 12/26 0540,12,26,0540,200112290815,2001 12/29 0815,2001,12,29,0815,M7,76
20011230,2001 12/30 2135,2001,12,30,2135,200112282045,N/A 12/28 2045,12,28,2045,200112311620,2001 12/31 1620,2001,12,31,1620,X3,108
20020110,2002 01/10 2015,2002,01,10,2015,200201082025,N/A 01/08 2025,01,08,2025,200201110530,2002 01/11 0530,2002,01,11,0530,C9,91
20020115,2002 01/15 1110,2002,01,15,1110,200201140627,N/A 01/14 0627,01,14,0627,200201152000,2002 01/15 2000,2002,01,15,2000,M4,15
20020220,2002 02/20 0730,2002,02,20,0730,200202200612,1N 02/20 0612,02,20,0612,200202200755,2002 02/20 0755,2002,02,20,0755,M5,13
20020317,2002 03/17 0820,2002,03,17,0820,200203152312,1F 03/15 2312,03,15,2312,200203170850,2002 03/17 0850,2002,03,17,0850,M2,13
20020318,2002 03/18 1300,2002,03,18,1300,200203180231,SF 03/18 0231,03,18,0231,200203190650,2002 03/19 0650,2002,03,19,0650,M1,53
20020320,2002 03/20 1515,2002,03,20,1515,200203180231,SF 03/18 0231,03,18,0231,200203201525,2002 03/20 1525,2002,03,20,1525,M1,19
20020322,2002 03/22 2020,2002,03,22,2020,200203221113,N/A 03/22 1113,03,22,1113,200203231320,2002 03/23 1320,2002,03,23,1320,M1,16
20020417,2002 04/17 1530,2002,04,17,1530,200204170824,2N 04/17 0824,04,17,0824,200204171540,2002 04/17 1540,2002,04,17,1540,M2,24
20020421,2002 04/21 0225,2002,04,21,0225,200204210151,1F 04/21 0151,04,21,0151,200204212320,2002 04/21 2320,2002,04,21,2320,X1,2520
20020522,2002 05/22 1755,2002,05,22,1755,200205220349,SF 05/22 0349,05,22,0349,200205231055,2002 05/23 1055,2002,05,23,1055,C5,820
20020707,2002 07/07 1830,2002,07,07,1830,200207071143,N/A 07/07 1143,07,07,1143,200207071955,2002 07/07 1955,2002,07,07,1955,M1,22
20020716,2002 07/16 1750,2002,07,16,1750,200207152008,3B 07/15 2008,07,15,2008,200207171600,2002 07/17 1600,2002,07,17,1600,X3,234
20020722,2002 07/22 0625,2002,07,22,0625,200207202130,N/A 07/20 2130,07,20,2130,200207231025,2002 07/23 1025,2002,07,23,1025,X3,28
20020814,2002 08/14 0900,2002,08,14,0900,200208140212,1N 08/14 0212,08,14,0212,200208141620,2002 08/14 1620,2002,08,14,1620,M2,26
20020822,2002 08/22 0440,2002,08,22,0440,200208220157,2B 08/22 0157,08,22,0157,200208220940,2002 08/22 0940,2002,08,22,0940,M5,36
20020824,2002 08/24 0140,2002,08,24,0140,200208240112,1F 08/24 0112,08,24,0112,200208240835,2002 08/24 0835,2002,08,24,0835,X3,317
20020907,2002 09/07 0440,2002,09,07,0440,200209051706,SF 09/05 1706,09,05,1706,200209071650,2002 09/07 1650,2002,09,07,1650,C5,20
20021109,2002 11/09 1920,2002,11,09,1920,200211091323,2B 11/09 1323,11,09,1323,200211100540,2002 11/10 0540,2002,11,10,0540,M4,404
20030528,2003 05/28 2340,2003,05,28,2340,200305280027,2B 05/28 0027,05,28,0027,200305291530,2003 05/29 1530,2003,05,29,1530,X3,121
20030531,2003 05/31 0440,2003,05,31,0440,200305310224,2B 05/31 0224,05,31,0224,200305310645,2003 05/31 0645,2003,05,31,0645,M9,27
20030618,2003 06/18 2125,2003,06,18,2125,200306172255,SF 06/17 2255,06,17,2255,200306190415,2003 06/19 0415,2003,06,19,0415,M6,19
20031026,2003 10/26 1825,2003,10,26,1825,200310261815,1N 10/26 1815,10,26,1815,200310262235,2003 10/26 2235,2003,10,26,2235,X1,466
20031028,2003 10/28 1215,2003,10,28,1215,200310281110,4B 10/28 1110,10,28,1110,200310290615,2003 10/29 0615,2003,10,29,0615,X17,29500
20031029,2003 10/29 2100,2003,10,29,2100,200310292049,2B 10/29 2049,10,29,2049,200310301935,2003 10/30 1935,2003,10,30,1935,X10,3300
20031102,2003 11/02 1735,2003,11,02,1735,200311021725,2B 11/02 1725,11,02,1725,200311030815,2003 11/03 0815,2003,11,03,0815,X8,1570
20031104,2003 11/04 2225,2003,11,04,2225,200311041952,3B 11/04 1952,11,04,1952,200311050600,2003 11/05 0600,2003,11,05,0600,X28,353
20031121,2003 11/21 2355,2003,11,21,2355,200311202353,2B 11/20 2353,11,20,2353,200311220230,2003 11/22 0230,2003,11,22,0230,M5,13
20031202,2003 12/02 1555,2003,12,02,1555,200312021150,N/A 12/02 1150,12,02,1150,200312021820,2003 12/02 1820,2003,12,02,1820,C8,88
20040411,2004 04/11 1135,2004,04,11,1135,200404110419,1F 04/11 0419,04,11,0419,200404111845,2004 04/11 1845,2004,04,11,1845,C9,35
20040725,2004 07/25 1825,2004,07,25,1825,200407251520,1F 07/25 1520,07,25,1520,200407252250,2004 07/25 2250,2004,07,25,2250,M9,2090
20040913,2004 09/13 2005,2004,09,13,2005,200409120056,2N 09/12 0056,09,12,0056,200409140005,2004 09/14 0005,2004,09,14,0005,M4,273
20040919,2004 09/19 1925,2004,09,19,1925,200409191712,N/A 09/19 1712,09,19,1712,200409200100,2004 09/20 0100,2004,09,20,0100,M1,57
20041101,2004 11/01 0655,2004,11,01,0655,,,,,,200411010805,2004 11/01 0805,2004,11,01,0805,NA,63
20041107,2004 11/07 1910,2004,11,07,1910,200411071606,N/A 11/07 1606,11,07,1606,200411080115,2004 11/08 0115,2004,11,08,0115,X2,495
20041109,2004 11/09 2030,2004,11,09,2030,200411091719,2N 11/09 1719,11,09,1719,200411092130,2004 11/09 2130,2004,11,09,2130,M8,82
20041110,2004 11/10 0255,2004,11,10,0255,200411100213,3B 11/10 0213,11,10,0213,200411101655,2004 11/10 1655,2004,11,10,1655,X2,424
20050116,2005 01/16 0210,2005,01,16,0210,200501152302,N/A 01/15 2302,01,15,2302,200501171750,2005 01/17 1750,2005,01,17,1750,X2,5040
20050514,2005 05/14 0525,2005,05,14,0525,200505131657,2B 05/13 1657,05,13,1657,200505150240,2005 05/15 0240,2005,05,15,0240,M8,3140
20050616,2005 06/16 2200,2005,06,16,2200,200506162022,N/A 06/16 2022,06,16,2022,200506170500,2005 06/17 0500,2005,06,17,0500,M4,44
20050714,2005 07/14 0245,2005,07,14,0245,200507131449,N/A 07/13 1449,07,13,1449,200507150345,2005 07/15 0345,2005,07,15,0345,M5,134
20050727,2005 07/27 2300,2005,07,27,2300,200507270502,N/A 07/27 0502,07,27,0502,200507291715,2005 07/29 1715,2005,07,29,1715,M3,41
20050822,2005 08/22 2040,2005,08,22,2040,200508221727,1N 08/22 1727,08,22,1727,200508231045,2005 08/23 1045,2005,08,23,1045,M5,330
20050908,2005 09/08 0215,2005,09,08,0215,200509071740,3B 09/07 1740,09,07,1740,200509110425,2005 09/11 0425,2005,09,11,0425,X17,1880
20061206,2006 12/06 1555,2006,12,06,1555,200612051035,2N 12/05 1035,12,05,1035,200612071930,2006 12/07 1930,2006,12,07,1930,X9,1980
20061213,2006 12/13 0310,2006,12,13,0310,200612130240,4B 12/13 0240,12,13,0240,200612130925,2006 12/13 0925,2006,12,13,0925,X3,698
20100814,2010 08/14 1230,2010,08,14,1230,201008141005,SF 08/14 1005,08,14,1005,201008141245,2010 08/14 1245,2010,08,14,1245,C4,14
20110308,2011 03/08 0105,2011,03,08,0105,201103072012,N/A 03/07 2012,03,07,2012,201103080800,2011 03/08 0800,2011,03,08,0800,M3,50
20110321,2011 03/21 1950,2011,03,21,1950,,,,,,201103220135,2011 03/22 0135,2011,03,22,0135,NA,14
20110607,2011 06/07 0820,2011,06,07,0820,201106070641,2N 06/07 0641,06,07,0641,201106071820,2011 06/07 1820,2011,06,07,1820,M2,73
20110804,2011 08/04 0635,2011,08,04,0635,201108040357,2B 08/04 0357,08,04,0357,201108052150,2011 08/05 2150,2011,08,05,2150,M9,96
20110809,2011 08/09 0845,2011,08,09,0845,201108090805,2B 08/09 0805,08,09,0805,201108091210,2011 08/09 1210,2011,08,09,1210,X6,26
20110923,2011 09/23 2255,2011,09,23,2255,201109221101,2N 09/22 1101,09,22,1101,201109261155,2011 09/26 1155,2011,09,26,1155,X1,35
20111126,2011 11/26 1125,2011,11,26,1125,201111260710,N/A 11/26 0710,11,26,0710,201111270125,2011 11/27 0125,2011,11,27,0125,C1,80
20120123,2012 01/23 0530,2012,01,23,0530,201201230359,2B 01/23 0359,01,23,0359,201201241530,2012 01/24 1530,2012,01,24,1530,M8,6310
20120127,2012 01/27 1905,2012,01,27,1905,201201271837,1F 01/27 1837,01,27,1837,201201280205,2012 01/28 0205,2012,01,28,0205,X1,796
20120307,2012 03/07 0510,2012,03,07,0510,201203070024,3B 03/07 0024,03,07,0024,201203081115,2012 03/08 1115,2012,03,08,1115,X5,6530
20120313,2012 03/13 1810,2012,03,13,1810,201203131741,1B 03/13 1741,03,13,1741,201203132045,2012 03/13 2045,2012,03,13,2045,M7,469
20120517,2012 05/17 0210,2012,05,17,0210,201205170147,N/A 05/17 0147,05,17,0147,201205170430,2012 05/17 0430,2012,05,17,0430,M5,255
20120527,2012 05/27 0535,2012,05,27,0535,,,,,,201205271045,2012 05/27 1045,2012,05,27,1045,NA,14
20120616,2012 06/16 1955,2012,06,16,1955,201206141435,N/A 06/14 1435,06,14,1435,201206162020,2012 06/16 2020,2012,06,16,2020,M1,14
20120707,2012 07/07 0400,2012,07,07,0400,201207062308,N/A 07/06 2308,07,06,2308,201207070745,2012 07/07 0745,2012,07,07,0745,X1,25
20120709,2012 07/09 0130,2012,07,09,0130,201207081632,1N 07/08 1632,07,08,1632,201207090430,2012 07/09 0430,2012,07,09,0430,M6,19
20120712,2012 07/12 1835,2012,07,12,1835,201207121649,2B 07/12 1649,07,12,1649,201207122225,2012 07/12 2225,2012,07,12,2225,X1,96
20120717,2012 07/17 1715,2012,07,17,1715,201207171715,N/A 07/17 1715,07,17,1715,201207180600,2012 07/18 0600,2012,07,18,0600,M1,136
20120723,2012 07/23 1545,2012,07,23,1545,,,,,,201207232145,2012 07/23 2145,2012,07,23,2145,NA,12
20120901,2012 09/01 1335,2012,09,01,1335,201208312043,N/A 08/31 2043,08,31,2043,201209020850,2012 09/02 0850,2012,09,02,0850,C8,60
20120928,2012 09/28 0300,2012,09,28,0300,201209272357,N/A 09/27 2357,09,27,2357,201209280445,2012 09/28 0445,2012,09,28,0445,C3,28
20130316,2013 03/16 1940,2013,03,16,1940,201303150658,N/A 03/15 0658,03,15,0658,201303170700,2013 03/17 0700,2013,03,17,0700,M1,16
20130411,2013 04/11 1055,2013,04,11,1055,201304110716,N/A 04/11 0716,04,11,0716,201304111645,2013 04/11 1645,2013,04,11,1645,M6,114
20130515,2013 05/15 1325,2013,05,15,1325,201305150148,N/A 05/15 0148,05,15,0148,201305171720,2013 05/17 1720,2013,05,17,1720,X1,42
20130522,2013 05/22 1420,2013,05,22,1420,201305221332,N/A 05/22 1332,05,22,1332,201305230650,2013 05/23 0650,2013,05,23,0650,M5,1660
20130623,2013 06/23 2014,2013,06,23,2014,201306210314,N/A 06/21 0314,06,21,0314,201306240520,2013 06/24 0520,2013,06,24,0520,M2,14
20130930,2013 09/30 0505,2013,09,30,0505,201309292337,N/A 09/29 2337,09,29,2337,201309302005,2013 09/30 2005,2013,09,30,2005,C1,182
20131228,2013 12/28 2150,2013,12,28,2150,201312281802,N/A 12/28 1802,12,28,1802,201312282315,2013 12/28 2315,2013,12,28,2315,C9,29
20140106,2014 01/06 0915,2014,01,06,0915,,,,,,201401061600,2014 01/06 1600,2014,01,06,1600,NA,42
20140106,2014 01/06 0915,2014,01,06,0915,201401071832,N/A 01/07 1832,01,07,1832,201401090340,2014 01/09 0340,2014,01,09,0340,X1,1026
20140220,2014 02/20 0850,2014,02,20,0850,201402200756,N/A 02/20 0756,02,20,0756,201402200925,2014 02/20 0925,2014,02,20,0925,M3,22
20140225,2014 02/25 1355,2014,02,25,1355,201402250049,N/A 02/25 0049,02,25,0049,201402250845,2014 02/25 0845,2014,02,25,0845,X4,103
20140418,2014 04/18 1525,2014,04,18,1525,201404181303,N/A 04/18 1303,04,18,1303,201404190105,2014 04/19 0105,2014,04,19,0105,M7,58
20140911,2014 09/11 0240,2014,09,11,0240,201409101745,N/A 09/10 1745,09,10,1745,201409121555,2014 09/12 1555,2014,09,12,1555,X1,126
20150618,2015 06/18 1135,2015,06,18,1135,201506180127,N/A 06/18 0127,06,18,0127,201506181445,2015 06/18 1445,2015,06,18,1445,M1,17
20150621,2015 06/21 2135,2015,06,21,2135,201506210142,1N 06/21 0142,06,21,0142,201506221900,2015 06/22 1900,2015,06,22,1900,M2,1066
20150626,2015 06/26 0350,2015,06,26,0350,201506250816,N/A 06/25 0816,06,25,0816,201506270030,2015 06/27 0030,2015,06,27,0030,M7,22
20151029,2015 10/29 0550,2015,10,29,0550,,,,,,201510291000,2015 10/29 1000,2015,10,29,1000,NA,23
20160102,2016 01/02 0430,2016,01,02,0430,201601020011,N/A 01/02 0011,01,02,0011,201601020450,2016 01/02 0450,2016,01,02,0450,M2,21
20170714,2017 07/14 0900,2017,07,14,0900,201707140209,N/A 07/14 0209,07,14,0209,201707142320,2017 07/14 2320,2017,07,14,2320,M2,22
20170905,2017 09/05 0040,2017,09,05,0040,201709042033,N/A 09/04 2033,09,04,2033,201709080035,2017 09/08 0035,2017,09,08,0035,M5,844
20170910,2017 09/10 1645,2017,09,10,1645,201709101606,N/A 09/10 1606,09,10,1606,201709111145,2017 09/11 1145,2017,09,11,1145,X8,1494
20210529,2021 05/29 0300,2021,05,29,0300,202105282313,1F 05/28 2313,05,28,2313,202105290320,2021 05/29 0320,2021,05,29,0320,C9,15
20211028,2021 10/28 1635,2021,10,28,1635,202110281535,2N 10/28 1535,10,28,1535,202110290250,2021 10/29 0250,2021,10,29,0250,X1,29
20211030,2021 10/30 2100,2021,10,30,2100,202110281535,2N 10/28 1535,10,28,1535,202110302105,2021 10/30 2105,2021,10,30,2105,X1,11
20220120,2022 01/20 0800,2022,01,20,0800,202201200601,Sf 01/20 0601,01,20,0601,202201201015,2022 01/20 1015,2022,01,20,1015,M5,22
20220328,2022 03/28 1325,2022,03,28,1325,202203281129,2N 03/28 1129,03,28,1129,202203281450,2022 03/28 1450,2022,03,28,1450,M4,19
20220331,2022 03/31 0620,2022,03,31,0620,202203301737,N/A 03/30 1737,03,30,1737,202203310630,2022 03/31 0630,2022,03,31,0630,X1,11
20220402,2022 04/02 1430,2022,04,02,1430,202203281129,SN 03/28 1129,03,28,1129,202204021600,2022 04/02 1600,2022,04,02,1600,M3,32
20220827,2022 08/27 1155,2022,08,27,1155,202208271138,N/A 08/27 1138,08,27,1138,202208271220,2022 08/27 1220,2022,08,27,1220,M1,27
20230225,2023 02/25 2110,2023,02,25,2110,202302251944,3N 02/25 1944,02,25,1944,202302260440,2023 02/26 0440,2023,02,26,0440,M6,58
20230313,2023 03/13 0735,2023,03,13,0735,,event,,,,202303150425,2023 03/15 0425,2023,03,15,0425,farside,22
20230423,2023 04/23 1815,2023,04,23,1815,202304211812,04/21 1812,04,21,1812,202304231820,2023 04/23 1820,2023,04,23,1820,M1.7,26
20230508,2023 05/08 1240,2023,05,08,1240,202305072323,05/07 2323,05,07,2323,202305090150,2023 05/09 0150,2023,05,09,0150,M1.6,38
20230509,2023 05/09 2335,2023,05,09,2335,,1B 09/1858,,,,202305101250,2023 05/10 1250,2023,05,10,1250,M4,83
20230716,2023 07/16 0635,2023,07,16,0635,,,,,,202307160735,2023 07/16 0735,2023,07,16,0735,NA,18
20230718,2023 07/18 0115,2023,07,18,0115,202307180006,07/18 0006,07,18,0006,202307180615,2023 07/18 0615,2023,07,18,0615,M5,620
20230729,2023 07/29 0020,2023,07,29,0020,202307281558,07/28 1558,07,28,1558,202307290920,2023 07/29 0920,2023,07,29,0920,M4,154
20230805,2023 08/05 1115,2023,08,05,1115,202308050718,08/05 0718,08,05,0718,202308051745,2023 08/05 1745,2023,08,05,1745,M1,18
20230808,2023 08/08 0115,2023,08,08,0115,202308072046,08/07 2046,08,07,2046,202308090025,2023 08/09 0025,2023,08,09,0025,X1,47
20230901,2023 09/01 0430,2023,09,01,0430,202309010351,09/01 0351,09,01,0351,202309010610,2023 09/01 0610,2023,09,01,0610,M1,25
20231215,2023 12/15 2345,2023,12,15,2345,,,,,,202312160015,2023 12/16 0015,2023,12,16,0015,NA,13
20240103,2024 01/03 2005,2024,01,03,2005,202412312203,3B 12/31 2203,12,31,2203,202401040835,2024 01/04 0835,2024,01,04,0835,X5,20
20240129,2024 01/29 0615,2024,01,29,0615,202401290438,Sf 01/29 0438,01,29,0438,202401291805,2024 01/29 1805,2024,01,29,1805,M6.7,137
20240209,2024 02/09 1530,2024,02,09,1530,202402091314,02/09 1314,02,09,1314,202402092355,2024 02/09 2355,2024,02,09,2355,X3.3,187
20240212,2024 02/12 0805,2024,02,12,0805,202402120554,Sf 02/12 0554,02,12,0554,202402131605,2024 02/13 1605,2024,02,13,1605,C9.6,118
20240323,2024 03/23 0815,2024,03,23,0815,202403230133,2F 03/23 0133,03,23,0133,202403231820,2024 03/23 1820,2024,03,23,1820,X1.1,956
20240510,2024 05/10 1335,2024,05,10,1335,202405100654,05/10 0654,05,10,0654,202405101745,2024 05/10 1745,2024,05,10,1745,X3.9,208
20240511,2024 05/11 0210,2024,05,11,0210,202405110123,05/11 0123,05,11,0123,202405110910,2024 05/11 0910,2024,05,11,0910,X5.8,116
20240608,2024 06/08 0255,2024,06,08,0255,202406080149,06/08 0149,06,08,0149,202406080800,2024 06/08 0800,2024,06,08,0800,M9.7,1030
20240723,2024 07/23 0300,2024,07,23,0300,,,,,,202407231040,2024 07/23 1040,2024,07,23,1040,NA,24
20240909,2024 09/09 1640,2024,09,09,1640,202409090332,09/09 0332,09,09,0332,202409092250,2024 09/09 2250,2024,09,09,2250,M1.0,34
20240917,2024 09/17 0735,2024,09,17,0735,202409162357,09/16 2357,09,16,2357,202409171050,2024 09/17 1050,2024,09,17,1050,C9.6,33
20241009,2024 10/09 0505,2024,10,09,0505,202410090156,10/09 0156,10,09,0156,202410101515,2024 10/10 1515,2024,10,10,1515,X1.8,1810
20241026,2024 10/26 1910,2024,10,26,1910,202410260719,10/26 0719,10,26,0719,202410280350,2024 10/28 0350,2024,10,28,0350,X1.8,364
20241121,2024 11/21 1925,2024,11,21,1925,,,,,,202411220355,2024 11/22 0355,2024,11,22,0355,NA,125
20250104,2025 01/04 2235,2025,01,04,2235,202501041915,01/04 1915,01,04,1915,202501050055,2025 01/05 0055,2025,01,05,0055,C7.6,20
20250225,2025 02/25 0020,2025,02,25,0020,202502242302,02/24 2302,02,24,2302,202502250240,2025 02/25 0240,2025,02,25,0240,M3.9,37
