Sentence,Title,SourceTextType
is your cable television on the fritz,MitNews,newsArticle
one explanation scientists suspect may be the weather the weather in space that is,MitNews,newsArticle
mit researchers are investigating the effects of space weather such as solar flares geomagnetic storms and other forms of electromagnetic radiation on geostationary satellites which provide much of the worlds access to cable television internet services and global communications,MitNews,newsArticle
geostationary satellites orbit at the same rate as the earths rotation essentially remaining above the same location throughout their lifetimes,MitNews,newsArticle
these satellites are designed to last up to years during which time they may be bombarded by charged particles,MitNews,newsArticle
most satellites cover sensitive electronics with layers of protective shielding but over time radiation can penetrate and degrade a satellites components and performance,MitNews,newsArticle
if we can understand how the environment affects these satellites and we can design to improve the satellites to be more tolerant then it would be very beneficial not just in cost but also in efficiency says whitney lohmeyer a graduate student in mits department of aeronautics and astronautics,MitNews,newsArticle
lohmeyer is working with kerri cahoy an assistant professor of aeronautics and astronautics to understand how sensitive components are to the weather conditions in space and how space weather may contribute to failures,MitNews,newsArticle
in a paper published in the journal space weather the team analyzed space weather conditions at the time of failures in eight geostationary satellites over years of operation,MitNews,newsArticle
the researchers found that most of the failures occurred at times of highenergy electron activity during declining phases of the solar cycle,MitNews,newsArticle
this particle flux the scientists theorize may have accumulated in the satellites over time creating internal charging that damaged their amplifiers key components responsible for strengthening and relaying a signal back to earth,MitNews,newsArticle
lohmeyer says a better understanding of space weathers effects on satellites is needed not just for current fleets but also for the next generation of communications satellites,MitNews,newsArticle
users are starting to demand more capabilities lohmeyer notes,MitNews,newsArticle
they want to start videostreaming data they want to communicate faster with higher data rates,MitNews,newsArticle
so design is changing along with susceptibilities to space weather and radiation that didnt used to exist but are now becoming a problemspaceweather disconnecttoday engineers design satellites with space weather in mind using radiation models to predict how much radiation a satellite may be exposed to over its lifetime,MitNews,newsArticle
cahoy notes that a satellites radiation exposure may vary depending on its orbit,MitNews,newsArticle
for instance some orbits are more dangerous than others engineers choose components that can survive and operate in such environments,MitNews,newsArticle
but space weather is a lot more dynamic than models predict and there are many different ways that charged particles can wreak havoc on your satellites electronics cahoy adds,MitNews,newsArticle
the hard part about satellites is that when something goes wrong you dont get it back to do analysis and figure out what happenedto add another layer of complication lohmeyer points out a disconnect between satellite engineers and spaceweather forecastersthe spaceweather community provides forecasting mechanisms for companies to help them better operate their satellites and they may say spaceweather activity is incredibly high right now were putting out a warning lohmeyer says,MitNews,newsArticle
but engineers and operators dont really understand what this implieslohmeyers primary goal she says is to bridge the gap between the spaceweather community and satellite engineersreading the space forecastto establish a better understanding of space weathers effects on satellite equipment cahoy and lohmeyer partnered with inmarsat a telecommunications company based in london,MitNews,newsArticle
the researchers analyzed more than  operational hours of telemetry data from eight of the companys satellites including temperature and electriccurrent measurements from the satellites solidstate amplifiers,MitNews,newsArticle
from these data the researchers analyzed scientific spaceweather data coinciding with anomalies from to  the majority of which were considered hard failures unrecoverable failures that may lead to a temporary shutdown of the spacecraft,MitNews,newsArticle
the team noted the dates and times of each failure and then analyzed the weather conditions leading up to each failure using observations from multiple spaceweather satellites,MitNews,newsArticle
such observations included solarflare activity and geomagnetic stormsspecifically the researchers analyzed the kp index a measurement of geomagnetic activity that is represented along a scale from zero to nine,MitNews,newsArticle
satellite engineers incorporate the kp index into radiation models to anticipate space conditions for a particular spacecrafts orbit,MitNews,newsArticle
however as the team found most of the amplifier failures occurred during times of low geomagnetic activity with a kp index of three or less a measurement that engineers would normally consider safe,MitNews,newsArticle
the finding suggests that the kp index may not be the most reliable metric for radiation exposureinstead cahoy and lohmeyer discovered that many amplifiers broke down during times of highenergy electron activity a phenomenon that occurs during the solar cycle in which the suns activity fluctuates over an year period,MitNews,newsArticle
the flux of highenergy electrons is highest during the declining phase of the solar cycle a period during which most amplifier failures occurred,MitNews,newsArticle
lohmeyer says that over time such highenergy electron activity may penetrate and accumulate inside a satellite causing internal charging that damages amplifiers and other electronics,MitNews,newsArticle
while most satellites carry backup amplifiers she notes that over an extended mission these amplifiers may also fail,MitNews,newsArticle
once you get into a year mission you may run out of redundant amplifiers lohmeyer says,MitNews,newsArticle
if a company has invested over million in a satellite they need to be able to assure that it works for that period of time,MitNews,newsArticle
we really need to improve our method of quantifying and understanding the space environment so we can better improve designdaniel baker a professor of astrophysical and planetary sciences at the university of colorado who was not involved in the research says that in designing satellites for space engineers try to strike a reasonable balance between adequate design against space environmental factors and overdesign that can be immensely expensive and counterproductivethe reality he adds is that there may always be some operational problems because space is a harsh placethat said the mit teams findings will help engineers design more robust satellite systems and components to the betterment of us all who depend on space systems baker saysthis research was supported by inmarsat and by the national science foundation,MitNews,newsArticle
graphic demonstrating some possible effects of intense solar activity credits nasas goddard space flight centermary pat hrybykkeith open the weather app on your phone or glance at the news and you can quickly find a detailed forecast for the weather in your location,NasaNews,newsArticle
the report is likely to affect your behavior for the day if you put on sandals or snow boots if you exercise indoors or jog around the block if you walk to work or take the bus,NasaNews,newsArticle
similarly space is full of dynamic weather patterns that can have real effects for life on earth,NasaNews,newsArticle
space weather refers to conditions in the solar system produced by the suns activity,NasaNews,newsArticle
just as weather is always occurring on earth space weather is ongoing,NasaNews,newsArticle
even without major solar activity satellites and communications systems can be impacted by variability in the density and composition of the nearearth environment,NasaNews,newsArticle
space isnt empty like we often think said alexa halford space physics researcher at nasas goddard space flight center in greenbelt maryland,NasaNews,newsArticle
the study of space weather is really just trying to understand the space environment around us like we try to understand terrestrial weather,NasaNews,newsArticle
at its most extreme space weather can disrupt radio communications and endanger astronauts,NasaNews,newsArticle
in the past activity on the sun has even temporarily caused large electrical blackouts,NasaNews,newsArticle
but with forecasting and proper preparation these disruptive effects can be largely avoided,NasaNews,newsArticle
thats why nasa studies space weather conditions ,NasaNews,newsArticle
what kind of weather events occur in space and when are they likely to strike,NasaNews,newsArticle
quite different from your average terrestrial rain or snow space weather in our solar system is composed of radiation and particles from the sun,NasaNews,newsArticle
the sun is made up of superhot electrically charged plasma the fourth state of matter,NasaNews,newsArticle
plasma constantly streams toward the planets as solar wind pouring energy into nearearth space,NasaNews,newsArticle
thats not all the sun is capable of,NasaNews,newsArticle
sometimes it hosts much more dramatic events,NasaNews,newsArticle
solar flares are tremendous explosions on the surface of the sun releasing energy which travels at the speed of light,NasaNews,newsArticle
their effects on earth are apparent in eight minutes,NasaNews,newsArticle
coronal mass ejections cmes are eruptions of large clouds of solar plasma and magnetic fields from the sun,NasaNews,newsArticle
the geomagnetic storms resulting from these events may occur one or several days later,NasaNews,newsArticle
cmes and solar flares can also occur at the same time,NasaNews,newsArticle
coronal mass ejections and solar flares credits nasas goddard space flight centermary pat hrybykkeith the sun operates in an elevenyear solar cycle and cmes and flares are more common during the middle part of the solar cycle called solar maximum,NasaNews,newsArticle
during solar maximum the sun may produce several cmes per day and a few truly massive explosions per year said antti pulkkinen director of the heliophysics science division at nasa goddard,NasaNews,newsArticle
in comparison during solar minimum the sun may be relatively quiet for extended periods of time,NasaNews,newsArticle
in solar cycle  the sun is expected to hit solar maximum around  ,NasaNews,newsArticle
sowhy doesnt space weather just torch us,NasaNews,newsArticle
earth has a strong large magnetic field produced by charged molten iron churning in its core,NasaNews,newsArticle
that field keeps away most of the charged solar wind streaming toward earth just like an umbrella works in a rainstorm,NasaNews,newsArticle
the area within the safety of earths magnetic field is called the magnetosphere,NasaNews,newsArticle
an illustration of the sun interacting with earths magnetosphere credits nasas goddard space flight centermary pat hrybykkeith earths magnetosphere is quite large and strong,NasaNews,newsArticle
on the side away from the sun it extends hundreds of times the length of earths roughly  mileradius,NasaNews,newsArticle
the magnetosphere faces much more pressure on the side facing the sun where it extends to times earths radius between around  miles to  miles,NasaNews,newsArticle
the magnetosphere is this really nice protective shield halford said,NasaNews,newsArticle
it blocks out most of the radiation and bad weather that you get in space but not all of it,NasaNews,newsArticle
another barrier is earths thick atmosphere which blocks harmful light radiation from the sun from reaching earths surface ,NasaNews,newsArticle
what are the effects of space weather on earth,NasaNews,newsArticle
as halford explains the protection offered by the magnetosphere isnt perfect,NasaNews,newsArticle
there are three main ways that an explosion on the suns surface can affect earth,NasaNews,newsArticle
radio blackout storm this type of storm generated by electromagnetic energy light mostly in wavelengths that are invisible to human eyes is most likely to occur following a solar flare,NasaNews,newsArticle
it takes light only eight minutes to reach earth from the sun so the effects from this type of event are almost immediate,NasaNews,newsArticle
electromagnetic energy released in flares disrupts earths upper atmosphere the region where communication signals travel and can cause signal blackouts,NasaNews,newsArticle
one risk of a radio blackout is that radios are often used for emergency communications for instance to direct people amid an earthquake or hurricane,NasaNews,newsArticle
imagine that a solar storm happens to coincide with a natural disaster when radio communications are essential for keeping people safe,NasaNews,newsArticle
this happened during the september hurricane irma,NasaNews,newsArticle
if operators are notified quickly halford says they can change radio frequencies and avoid an outage,NasaNews,newsArticle
solar radiation storm a solar radiation storm emits a sea of very small fastmoving charged particles,NasaNews,newsArticle
at their accelerated speed these particles carry lots of energy and can permeate the magnetosphere and endanger astronauts and spacecraft in earths orbit,NasaNews,newsArticle
to avoid the radiation impact sensitive systems in satellites may be powered off and astronauts may be instructed to build shelter or move to better shielded sections within their spacecraft,NasaNews,newsArticle
halford likens it to hiding in a basement during a tornado,NasaNews,newsArticle
geomagnetic storm within one to three days of a solar eruption giant clouds of plasma cmes may reach earths orbit compressing the magnetosphere,NasaNews,newsArticle
the influx of charged particles and electromagnetic fields rippling through earths magnetosphere can induce currents in many important electrical systems on earths surface including power grids,NasaNews,newsArticle
major blackouts from geomagnetic storms occurred in and ,NasaNews,newsArticle
halford and pulkkinen said in many countries including the united states there are safeguards in place to decrease the likelihood of this happening again ,NasaNews,newsArticle
how do scientists monitor space weather,NasaNews,newsArticle
a variety of agencies keep close watch on space weather,NasaNews,newsArticle
noaas space weather prediction center is the us governments official source for space weather forecasts,NasaNews,newsArticle
nasa heliophysics coordinates research efforts with noaa the national science foundation the us geological survey and the us air force research laboratory on the national space weather strategy and action plan,NasaNews,newsArticle
nasa heliophysics also maintains a fleet of scientific observatories to observe solar eruptions and earthdirected space weather ,NasaNews,newsArticle
can individuals prepare for space weather events,NasaNews,newsArticle
auroras shimmer over nylesund svalbard,NasaNews,newsArticle
a green lidar beam shoots into the sky in the foreground,NasaNews,newsArticle
credits nasajoy ng scientists and federal government organizations monitor and prepare for space weather events,NasaNews,newsArticle
engineers work to build radhard or radiation resistant satellites,NasaNews,newsArticle
astronauts may need to take shelter during certain space weather events,NasaNews,newsArticle
power grid operators may implement safeguards against geomagnetic storm effects,NasaNews,newsArticle
the united states government maintains a webpage with information about what to do if space weather causes a power outage or other damage,NasaNews,newsArticle
however for most individuals halford says theres only one thing they may wish to do in the event of a space weather event prepare for the aurora,NasaNews,newsArticle
those near the poles may get to see beautiful displays of light in the sky as the loss of particles from the magnetosphere during a geomagnetic storm excites particles in earths atmosphere,NasaNews,newsArticle
traveling to a location with a good view may require a flight a hotel reservation a hot chocolate and a warm blanket,NasaNews,newsArticle
by alison goldnasas goddard space flight center greenbelt md,NasaNews,newsArticle
this week solar flares sent a huge blast of xrays and charged particles screaming towards the earth,NprPlanesPowerGridsNews,newsArticle
solar astronomer david hathaway and physicist doug biesecker discuss the suns explosive behavior and how that space weather affects satellites airplanes and the electric grid,NprPlanesPowerGridsNews,newsArticle
sponsor message related npr stories space newly fallen meteorites offer fresh look at mars space kepler telescope spots tiniest exoplanets yet space spacex craft to head to space stationira flatow host youve probably heard the news earlier this week,NprPlanesPowerGridsNews,newsArticle
there was an explosion on the surface of the sun a solar flare and because we at science friday want to know how everything works and why were calling in a couple of experts to explain the abcs of a solar storm and actually how the sun workshow good are we at predicting these solar explosions,NprPlanesPowerGridsNews,newsArticle
what effects can they have on the earth,NprPlanesPowerGridsNews,newsArticle
are there still some unsolved mysteries about the sun and how it works,NprPlanesPowerGridsNews,newsArticle
let me introduce my guests,NprPlanesPowerGridsNews,newsArticle
david hathaway is a solar astronomer at nasas marshall space flight center in huntsville alabama,NprPlanesPowerGridsNews,newsArticle
welcome back to science friday dr hathawaydavid h hathaway thank you iraflatow youre welcome,NprPlanesPowerGridsNews,newsArticle
doug biesecker is a physicist at noaas space weather prediction center in boulder,NprPlanesPowerGridsNews,newsArticle
he joins us from radio station kgnu in boulder,NprPlanesPowerGridsNews,newsArticle
welcome to science friday dr bieseckerdoug biesecker thanks for having me on the show iraflatow youre welcome,NprPlanesPowerGridsNews,newsArticle
david can you give us a playbyplay of what happened there on the sun this weekhathaway yeah it starts with a flash a solar flare that we see particularly in xrays from the sun,NprPlanesPowerGridsNews,newsArticle
the sun gets to  times brighter than normal in xrays from the sunspot region,NprPlanesPowerGridsNews,newsArticle
with that  we saw that of course in the time it takes light to get from the sun so eight and a half minutes or sowithin an hour we saw radiation from it,NprPlanesPowerGridsNews,newsArticle
this is energetic subatomic particles electrons and protons and so forth and that built up pretty steadily and stayed high for days,NprPlanesPowerGridsNews,newsArticle
that whole explosion its a magnetic explosion on the sun launched what we called a coronal mass ejectionthis is literally a billion tons of matter moving at a million miles an hour streaming through the solar system and it was aimed pretty much right at us,NprPlanesPowerGridsNews,newsArticle
that hit us a couple days later and produced some spectacular auroral arraysflatow and is it going on still,NprPlanesPowerGridsNews,newsArticle
is there still activity going onhathaway well its interesting you should ask,NprPlanesPowerGridsNews,newsArticle
that one has since calmed down but we are at this moment in the midst of an even bigger flare as far as xrays but its off the edge of the sun so were not going to get the dramatic fireworks here on earth from it,NprPlanesPowerGridsNews,newsArticle
but we are at this moment in the midst of an xray flare thats even more powerful than the one from a few days agoflatow wowbiesecker ira in addition to that i just want to point out that the radiation storm is  from that is also in progressflatow so we called you at the right timehathaway indeedflatow all right were going to  we have a whole bunch of time to talk about it,NprPlanesPowerGridsNews,newsArticle
so  is our number,NprPlanesPowerGridsNews,newsArticle
were going to talk about this new solar flare thats happening as we speak and bigger than the one that happened earlier this week,NprPlanesPowerGridsNews,newsArticle
you can tweet us scifri scifri and you can also go to our facebook page and our websiteso well be back talking more about solar flares with david hathaway and doug biesecker,NprPlanesPowerGridsNews,newsArticle
our number again ,NprPlanesPowerGridsNews,newsArticle
were in the middle of a big one and well talk about it some more,NprPlanesPowerGridsNews,newsArticle
stay with us,NprPlanesPowerGridsNews,newsArticle
soundbite of musicflatow youre listening to science friday,NprPlanesPowerGridsNews,newsArticle
im ira flatow,NprPlanesPowerGridsNews,newsArticle
were talking about solar astronomy this hour with david hathaway of nasas marshall space flight center doug biesecker at noaas space weather prediction center,NprPlanesPowerGridsNews,newsArticle
our number  and we called them up originally to talk about this weeks earlier solar flarebut we find out right now as we speak theres an even bigger one happening although not the one thats pointed at us,NprPlanesPowerGridsNews,newsArticle
its not going to be hitting the earth,NprPlanesPowerGridsNews,newsArticle
is that correct dougbiesecker right so the active region these regions of intense magnetic field that produce flares and give us the coronal mass ejections the same region that gave us the activity earlier in the week has rotated in the fiveday sense to where its now seen at the edge of the sunand so the coronal mass ejection associated with this big flare is headed off away from earth,NprPlanesPowerGridsNews,newsArticle
but even in spite of that we see the direct xrays and ultraviolet from the flare and any radiation being accelerated by the coronal mass ejection can still make its way to earth and were seeing both of those effects in progressflatow and what effect would it have on earth herehathaway well the flare the main effect is an atmospheric one,NprPlanesPowerGridsNews,newsArticle
and the way you might be concerned about that well really you probably wouldnt be  but if youre somebody who uses highfrequency radio to communicate say a ham operator or youre in a ship at sea or youre even in a plane flying you know across the pacific ocean right now youd find your highfrequency radio probably isnt working because of this solar flarethe way that works is the signal has to bounce off a layer in the atmosphere known as the ionosphere and right now the ionosphere is very different from its normal state,NprPlanesPowerGridsNews,newsArticle
and that bounce of the radio signal doesnt happen it in fact gets absorbed by the atmospherebiesecker so hf users  highfrequency users in the pacific right now are feeling the effects of this solar flareflatow were they warned about this onebiesecker well predicting a solar flare would have happened today at  eastern time,NprPlanesPowerGridsNews,newsArticle
were not there yet,NprPlanesPowerGridsNews,newsArticle
what we do is we look at these regions of intense magnetic field the sun spots how many of them are there how complex is the magnetic field contained within how big is itand from that we can compute our probability,NprPlanesPowerGridsNews,newsArticle
so much like you might hear percent chance of rain tomorrow we can also say you know percent chance of solar flares tomorrowflatow so people in that area that youre saying pilots whatever who are flying they may be having trouble and not knowing why but probably predicting uhoh another solar flarebiesecker thats exactly right,NprPlanesPowerGridsNews,newsArticle
but they have a workaround,NprPlanesPowerGridsNews,newsArticle
as long as they can see those communication satellites that sit over the equator in geostationary orbit  miles above the surface of the earth they can switch to that satcom and still get the signal throughflatow david hathaway what is it on the sun that causes this thing to happen,NprPlanesPowerGridsNews,newsArticle
whats going on in the internal workings of the sunhathaway its magnetism pure and simple that  its magnetic fields involved in all of this,NprPlanesPowerGridsNews,newsArticle
its magnetic fields that make the sunspots themselves that within the sun the flow of these ionized electrically charged gases produces intense magnetic fields and in some spots it gets to be you know thousands of times stronger than the earths own magnetic field strong enough that in fact it chokes off the flow of heat from inside the sun which is why sunspots appear darkbut those magnetic fields can get twisted out of shape and basically shortcircuit by reconnecting and all that magnetic energy gets released explosively,NprPlanesPowerGridsNews,newsArticle
and so thats where it ultimately comes from is magnetism ultimately produced inside the sun that we see manifest at the surface in sunspots and above the surface in coronal features these loops where the gases in the suns hot corona are confined move along these magnetic loops above the surfaceand so we can see the presence of the magnetic fields there,NprPlanesPowerGridsNews,newsArticle
but its  again magnetisms the key to it allflatow speaking of magnetism does our earths magnetic field that surrounds it does it protect us from any of these thingshathaway very much so yeah that the earths own magnetic field would normally look like a bar magnets magnetic field what we call a dipole field going into the north coming out of the south,NprPlanesPowerGridsNews,newsArticle
but because its also subjected to the solar wind that blows off of the sun at a million miles an hour that solar wind drapes the earths magnetic field into a cometlike structure a tailso it pushes the magnetic field on the day side closer to the earth and it stretches it out on the night side into a long tail in back of the earth,NprPlanesPowerGridsNews,newsArticle
so that magnetic field does protect us from charged particles but its  it can also get disrupted by the magnetic fields in these coronal mass ejections that when this magnetic explosion goes off the coronal mass ejection thats produced has magnetic field is a key part of it and that magnetic field once it hits the earth if its directed in the opposite way if its directed from north to south instead of south to north it can produce reconnections in the earths magnetic field that ultimately lead to energetic particles electrons and protons streaming back along the earths magnetic field line into the atmosphere and producing the auroraflatow wow thats terrific,NprPlanesPowerGridsNews,newsArticle
doug did you want to jump in therebiesecker well i was going to say in addition to the aurora when the coronal mass ejection slams into the earths magnetic field that magnetic field that does protect us from the radiation storm that changing magnetic field causes problems for customersthats why the space weather prediction center is monitoring the sun hours a day to provide forecasts and get out those official watches warnings and alerts to customers because when that coronal mass ejection hits the earth currents are being induced into the power gridso the power system operators with as little as minutes of warning can protect their systems by making sure they have sufficient capacity to handle the extra currents to have people in place to turn off a transformer if it starts to overhead,NprPlanesPowerGridsNews,newsArticle
so its something industry can respond to,NprPlanesPowerGridsNews,newsArticle
they just need to have the watches warnings and alerts to make sure theyre able toflatow now this one if i heard you correctly started less than an hour ago andbiesecker thats right andflatow and so you werent really able to get out  your prediction is at what stage compared to lets say weather forecasting,NprPlanesPowerGridsNews,newsArticle
what stage are you at at predictingbiesecker well i think the canonical thing people use is were about to years behind weather forecasting,NprPlanesPowerGridsNews,newsArticle
there are certain things where were much better than that,NprPlanesPowerGridsNews,newsArticle
with a coronal mass ejection we can observe them back at the sun and then we can predict with in fact a numerical model that we introduced on the weather service supercomputer just a couple of months ago we can use that to predict when this coronal mass ejection would arrive at earthand the storm that erupted on sunday january  erupting at  pm eastern time slammed into the earth at  am tuesday within an hour of when it was predictedflatow and the one thats predicted less than  it started an hour ago when is that going to slam into the earthbiesecker well thats  the early indications are that in fact it wont,NprPlanesPowerGridsNews,newsArticle
because the active region has rotated away from an unfavorable position that coronal mass ejection is going to fly harmlessly off into space maybe hitting a science satellite or two on the wayflatow i think a lot of people dont realize that the sun actually rotatesbiesecker yeah the sunflatow it spins on its own axis yeahbiesecker every days on average and because of that rotation  and im going to give dave the opportunity to jump in here and talk about why thats significant  lots of very  thats one of the reasons why the sun is so interesting and we have a solar cyclehathaway yeah part of it is that it  because its a ball of gas it doesnt have to rotate like a solid ball,NprPlanesPowerGridsNews,newsArticle
in fact it doesnt,NprPlanesPowerGridsNews,newsArticle
at the equator it rotates once in about days,NprPlanesPowerGridsNews,newsArticle
if you get near the poles it takes about days,NprPlanesPowerGridsNews,newsArticle
and so that produces a sheering motion that things get stretched out and wrapped around the sun because of it things like magnetic fields in particular and thats in fact a key part of how the magnetic fields are generated and maintained within the sun is  this is what we call differential rotation the fact that the equator is rotating faster than the polestheres a sheer layer near the surface that as you start at the surface and move inward it  the rotation speeds up then stays constant through you know  miles or so and then changes again at a layer about a quarter of the way into the sunso that rotation in fact is key to producing the magnetic fieldsflatow ,NprPlanesPowerGridsNews,newsArticle
lets go to virginia in flint michigan,NprPlanesPowerGridsNews,newsArticle
hi virginiavirginia hiflatow hi therevirginia fascinating stuff,NprPlanesPowerGridsNews,newsArticle
weve had really warm weather here in michigan,NprPlanesPowerGridsNews,newsArticle
is this going to impact weather patterns like are we going to have a really hot summer now,NprPlanesPowerGridsNews,newsArticle
or another question is is this going to melt the solar  excuse me  melt the icepacks and ozone and all that kind of stuff,NprPlanesPowerGridsNews,newsArticle
i dont know if ive missed some of the answers already,NprPlanesPowerGridsNews,newsArticle
but id be interested in how much its going to melt you know the ice thats already melting so fastflatow ok virginia thanks for calling,NprPlanesPowerGridsNews,newsArticle
well see what we can dovirginia thank youflatow uhhuhdavid hathaway yeah,NprPlanesPowerGridsNews,newsArticle
those are great questions,NprPlanesPowerGridsNews,newsArticle
the sun does influence climate to some respect but probably not weather as far as the daytoday that even though the sun got times brighter in xrays it hardly got brighter at all when you add up all the energy that the sun puts out and the earth receives,NprPlanesPowerGridsNews,newsArticle
thats a tiny amount even over the course of a complete sunspot cycle when you go from no sunspots to you know sunspots on the sun and all of that activity the suns only about a th of percent one part in  brighter,NprPlanesPowerGridsNews,newsArticle
and so its a small change,NprPlanesPowerGridsNews,newsArticle
it has  again in the long run has a bit of an effect on climate but daytoday weather probably notflatow heres some questions a few questions different questions basically the same theme coming from the internet and people want to know how this would affect  a flare like this might affect people in space either the space station or people  astronauts on their way to mars or maybe on the moon things like thatbiesecker sure,NprPlanesPowerGridsNews,newsArticle
well there certainly can be impacts,NprPlanesPowerGridsNews,newsArticle
the astronauts on the international space station right now have to be concerned but in general do they need to be concerned from the activity thats happening right now,NprPlanesPowerGridsNews,newsArticle
not really,NprPlanesPowerGridsNews,newsArticle
their action  they would react at very very large levels of radiation,NprPlanesPowerGridsNews,newsArticle
theres a certain risk that theyre willing to accept a few extra  or a slightly higher risk of cancer as they age,NprPlanesPowerGridsNews,newsArticle
but the systems that theyre using can be impacted by a radiation stormso you know with the shuttle for example the robot arm couldnt be used when a radiation storm exceeded a certain level,NprPlanesPowerGridsNews,newsArticle
so there are certain impacts they do have to be aware offlatow tell us about this huge solar storm of  the storm of  dougbiesecker well was  its kind of our perfect storm in solar physics,NprPlanesPowerGridsNews,newsArticle
so the day was thursday september  and sir richard carrington was in his house at his observatory watching the sun like he did every day and he projected this image of the sun with his telescope till it was about inches across,NprPlanesPowerGridsNews,newsArticle
and each day he would draw the sunspots,NprPlanesPowerGridsNews,newsArticle
and this particular day hed finished drawing the sunspots and he was just about to start measuring the locations on the sun when all of a sudden two bright lights appeared in the middle of one of these magnetic regions hed measuredand hed never seen this before,NprPlanesPowerGridsNews,newsArticle
and he thought oh theres something wrong with my equipment and he checked it out and quickly realized no its not my equipment,NprPlanesPowerGridsNews,newsArticle
and the careful observer that he is he wrote down the time  am he was so shocked by this he ran off to find somebody to help verify what he was seeing,NprPlanesPowerGridsNews,newsArticle
he couldnt find anybody came back and it was already fading,NprPlanesPowerGridsNews,newsArticle
it lasted all of five minutes,NprPlanesPowerGridsNews,newsArticle
by  am it was doneflatow let me just interrupt to say this is science friday from npr,NprPlanesPowerGridsNews,newsArticle
talking with doug biesecker spinning a yarn about the solar flare of ,NprPlanesPowerGridsNews,newsArticle
keep goingbiesecker so now he knew something special had happened,NprPlanesPowerGridsNews,newsArticle
and what makes this really remarkable is at a magnetic observatory again when you shake the earths magnetic field you know if you and i had a compass you know it would point to solar north,NprPlanesPowerGridsNews,newsArticle
but if you made a compass that was sensitive enough you would be able to see that that magnetic field was shaking during one of these geomagnetic storms,NprPlanesPowerGridsNews,newsArticle
and in fact at  am on september nd at the magnetic observatory at kew garden there was a great magnetic stormand carrington said you know a swallow doesnt make a summer but there seems to be a connection here,NprPlanesPowerGridsNews,newsArticle
so in just hours after he saw a flare on the sun we had a huge in fact the largest ever recorded magnetic storm on the surface of the earth,NprPlanesPowerGridsNews,newsArticle
it was so strong every magnetic observatory in the world saturated except for one that we know in india and all measurements of that storm are now based on that one,NprPlanesPowerGridsNews,newsArticle
impactsflatow and what did  yeah,NprPlanesPowerGridsNews,newsArticle
what did itbiesecker rightflatow telegraphs and things like thatbiesecker right,NprPlanesPowerGridsNews,newsArticle
so the technology of the day was telegraphs,NprPlanesPowerGridsNews,newsArticle
so thats really where most of the impacts were,NprPlanesPowerGridsNews,newsArticle
you know in pittsburgh the telegraph machines got so hot the operators couldnt touch them,NprPlanesPowerGridsNews,newsArticle
in philadelphia a telegraph operator received a shock from his equipment,NprPlanesPowerGridsNews,newsArticle
in boston there was a flame of fire,NprPlanesPowerGridsNews,newsArticle
you know in telegraph stations up and down the east coast the wood got scorched paper burned,NprPlanesPowerGridsNews,newsArticle
what did the average person see,NprPlanesPowerGridsNews,newsArticle
well aurora,NprPlanesPowerGridsNews,newsArticle
in indianapolis the aurora was so bright and so strong you didnt have to look north to see the aurorayou could look at your southern horizon and still see the aurora,NprPlanesPowerGridsNews,newsArticle
in jamaica it was described as like the light of a fire,NprPlanesPowerGridsNews,newsArticle
its believed that  well in fact its been recorded that sailors saw it just degrees north of the equator and that if weather conditions had been favorable it would have been seen even at the equator,NprPlanesPowerGridsNews,newsArticle
so the entire globe was able to see the aurora on september  flatow wow,NprPlanesPowerGridsNews,newsArticle
do we know why that happened in such a spectacular fashion,NprPlanesPowerGridsNews,newsArticle
whatbiesecker well this particular event was really just the extreme of exactly what happened just this past sunday,NprPlanesPowerGridsNews,newsArticle
associated with that solar flare was one of these coronal mass ejections,NprPlanesPowerGridsNews,newsArticle
the speed of the coronal mass ejection doesnt tell you exactly how strong the storm will be,NprPlanesPowerGridsNews,newsArticle
that  for that you need to know the magnetic field in the cme but its a pretty good indicator,NprPlanesPowerGridsNews,newsArticle
and that transit of hours is the fastest ever recorded,NprPlanesPowerGridsNews,newsArticle
and the impulse you know the amount of energy that got dumped into the earths magnetic field was just incredibleflatow do we have a number you can put on even a solar flare that just happened this week how big explosion goes onbiesecker off the  no,NprPlanesPowerGridsNews,newsArticle
i dont have a numberflatow dave you got ithathaway yeahbiesecker yeahhathaway the typical flare if you look at the radiant energy from it is the equivalent of a million megatons of tnt,NprPlanesPowerGridsNews,newsArticle
so thats the energy equivalent of million hiroshima bombsflatow wow,NprPlanesPowerGridsNews,newsArticle
all right,NprPlanesPowerGridsNews,newsArticle
were going to let that sink in for a little bit take a break,NprPlanesPowerGridsNews,newsArticle
well come back more and talk with doug biesecker and david hathaway about the sun and solar events,NprPlanesPowerGridsNews,newsArticle
our number ,NprPlanesPowerGridsNews,newsArticle
you can tweet us scifri,NprPlanesPowerGridsNews,newsArticle
stay with us,NprPlanesPowerGridsNews,newsArticle
well be right back,NprPlanesPowerGridsNews,newsArticle
soundbite of musicflatow this is science friday from npr,NprPlanesPowerGridsNews,newsArticle
im ira flatow,NprPlanesPowerGridsNews,newsArticle
were talking about solar flares and the sun with david hathaway of nasas marshall space flight center in huntsville and doug biesecker of noaas space weather prediction center in boulder,NprPlanesPowerGridsNews,newsArticle
and were going to talk a little  a few more minutes because i want to recap,NprPlanesPowerGridsNews,newsArticle
if youve just tuned in there is a big solar flare happening right now in the sun and maybe we can recap it,NprPlanesPowerGridsNews,newsArticle
david you want to take a shot at it,NprPlanesPowerGridsNews,newsArticle
or doug,NprPlanesPowerGridsNews,newsArticle
who would like to tell us whats going on there nowhathaway doug is probably better at that,NprPlanesPowerGridsNews,newsArticle
hes on top of itflatow ok doug whatbiesecker sureflatow bring us up to datebiesecker right,NprPlanesPowerGridsNews,newsArticle
well i was on top of it until i walked into the studio but what we had on a scale of one to five we measure space weather and the solar flare we had last sunday we measured at two on our solar flare scale or an r the flare we just had is even larger at the r level,NprPlanesPowerGridsNews,newsArticle
within minutes of that solar flare erupting we started to see radiation particles at very high energies that are starting to hit the earth,NprPlanesPowerGridsNews,newsArticle
they  the space weather prediction center in our role of course put out a warning as soon as the flare began and in fact put out warnings for the radiation storm before the particles even began to arriveflatow and that happened todaybiesecker so thats happening right now,NprPlanesPowerGridsNews,newsArticle
so the flare itself is probably practically overhathaway yeahbiesecker the radiation storm will continue,NprPlanesPowerGridsNews,newsArticle
its hard for me to estimate without having seen the data recently how long that will continue,NprPlanesPowerGridsNews,newsArticle
but what that would cause you know potential impacts to that  when the radiation levels reach sufficient levels those same particles that david talked about coming down and hitting the polar regions causing the aurora that also causes the high frequency communications outages in the polar regions,NprPlanesPowerGridsNews,newsArticle
and so any airplane flying over there loses their highfrequency radiothe problem there is they cant see those satellite  communication satellites sitting over the equator so in fact they have absolutely no way to communicate if theyre in the polar regions during one of these storms which is why its important that they get the information as quickly as possible because if they have to divert one of those routes its not very cost effectiveflatow david you want to add anythinghathaway no,NprPlanesPowerGridsNews,newsArticle
its just  i wanted to mention i am in my office so i can see the data and the xrays are well on their way going down but the energetic particles protons in particular are rising rapidlyflatow reaching us on earthhathaway yes,NprPlanesPowerGridsNews,newsArticle
yeah,NprPlanesPowerGridsNews,newsArticle
yeah,NprPlanesPowerGridsNews,newsArticle
these are being measured as we speak atbiesecker righthathaway satellites and geosynchronous orbitflatow and how many  how many watchdog satellites do we have out therebiesecker well for  well noaa those same weather satellites that are taking pictures of the hurricanesflatow rightbiesecker we have space weather sensors on those,NprPlanesPowerGridsNews,newsArticle
and in fact the flare and the radiation storm are being measured with instruments on those same weather satellites,NprPlanesPowerGridsNews,newsArticle
but we do leverage assets from nasa for example the coronal mass ejection thats associated with this flare we know its headed nowhere towards earth because weve got images of the solar atmosphere from that  from a nasa satellite that show us that thats whats happening,NprPlanesPowerGridsNews,newsArticle
and we also use those data to help forecast when those coronal mass ejections will hit the earthflatow well be watching over the next hours and people will i guess listen to science friday will know about it because this word is coming out happened within oh just a little bit over an hour ago,NprPlanesPowerGridsNews,newsArticle
and thank you gentlemen for taking time to alert ushathaway thank you ira for having us onflatow youre welcome,NprPlanesPowerGridsNews,newsArticle
david hathaway is solar astronomer at nasas marshall space flight center in huntsville alabama,NprPlanesPowerGridsNews,newsArticle
and doug thank you,NprPlanesPowerGridsNews,newsArticle
doug biesecker is physicist at noaas space weather prediction center in boulder coloradobiesecker thank youflatow youre welcome,NprPlanesPowerGridsNews,newsArticle
copyright npr,NprPlanesPowerGridsNews,newsArticle
all rights reserved,NprPlanesPowerGridsNews,newsArticle
visit our website terms of use and permissions pages at wwwnprorg for further information,NprPlanesPowerGridsNews,newsArticle
npr transcripts are created on a rush deadline by an npr contractor,NprPlanesPowerGridsNews,newsArticle
this text may not be in its final form and may be updated or revised in the future,NprPlanesPowerGridsNews,newsArticle
accuracy and availability may vary,NprPlanesPowerGridsNews,newsArticle
the authoritative record of nprs programming is the audio record,NprPlanesPowerGridsNews,newsArticle
this photo provided by nasa taken by the solar dynamics observatory shows a solar flare the bright flash in the center of the image on oct  ,NprSolarStormNews,newsArticle
solar dynamics observatorynasaap hide caption toggle caption solar dynamics observatorynasaap cape canaveral fla a severe solar storm is headed to earth that could stress power grids even more as the us deals with major backtoback hurricanes space weather forecasters said wednesday,NprSolarStormNews,newsArticle
the national oceanic and atmospheric administration issued a severe geomagnetic storm watch for thursday into friday after an outburst from the sun was detected earlier this week,NprSolarStormNews,newsArticle
such a storm could temporarily disrupt power and radio signals,NprSolarStormNews,newsArticle
noaa has notified operators of power plants and orbiting spacecraft to take precautions,NprSolarStormNews,newsArticle
it also alerted the federal emergency management agency about possible power disruptions as the organization copes with the devastating aftermath of hurricane helene and gears up for hurricane milton barreling across the gulf of mexico toward florida,NprSolarStormNews,newsArticle
sponsor message forecasters do not expect the latest solar storm to surpass the one that slammed earth in may the strongest in more than two decades,NprSolarStormNews,newsArticle
but they wont know for sure until its just million miles ,NprSolarStormNews,newsArticle
million kilometers away where spacecraft can measure it,NprSolarStormNews,newsArticle
space the huge solar storm is keeping power grid and satellite operators on edge florida is far enough south to avoid any power disruptions from the solar surge unless it gets a lot bigger said scientist rob steenburgh of noaas space weather prediction center,NprSolarStormNews,newsArticle
that adds a little bit more to the comfort level steenburgh said,NprSolarStormNews,newsArticle
why were here is to let them know so that they can prepare,NprSolarStormNews,newsArticle
experts are more concerned about potential effects to the power grids in areas slammed by hurricane helene two weeks ago said noaa space weather forecaster shawn dahl,NprSolarStormNews,newsArticle
the storm also may trigger northern lights as far south in the us as the lower midwest and northern california though exact locations and times are uncertain according to noaa,NprSolarStormNews,newsArticle
skygazers are reminded to point their smartphones upward for photos the devices often can capture auroras that human eyes cannot,NprSolarStormNews,newsArticle
mays solar storm produced dazzling auroras across the northern hemisphere and resulted in no major disruptions,NprSolarStormNews,newsArticle
the sun is near the peak of its current year cycle sparking all the recent solar activity,NprSolarStormNews,newsArticle
a huge solar flare the largest since  has been spotted erupting from the suns surfacesolar flares are made up of electromagnetic radiation that travel from the sun at the speed of light and can reach earth in about eight minutesthey can disrupt some radio communications and satellites but most of us are unlikely to see those effectsthere is also a chance that northern latitudes could see the northern lights this weekend as two geomagnetic storms are predicted to hit earthsolar flares do not cause the northern lights,BbcNorthernLightsNews,newsArticle
they are caused by a phenomenon called coronal mass ejections cmes that erupt from an active sun spotcombined with flares they can create solar storms that interact with earths magnetic field or magnetospherethe cmes spew out plasma and magnetic field and up to billions of tons of material that can hit earth,BbcNorthernLightsNews,newsArticle
as our magnetosphere repels the storm it creates the aurorathere is the potential for a coronal mass ejection to arrive at earth late on friday or early on saturday which could lead to visible aurora for scotland northern ireland and parts of northern england said met office space weather manager krista hammonda second cme is likely to hit earth on saturday and sunday associated with the solar flare which is rated xthat means enhanced auroral visibility is possible further south across central england and similar latitudes though cloud and rain could hamper viewing potential for some says krista hammondin the us aurora might be seen in the northern states and from the midwest to oregon according to noaas space weather prediction centrethe x solar flare emitted is the largest categorised by nasa,BbcNorthernLightsNews,newsArticle
the smallest is b followed by c m and x the scale ranks from to  so x is the most powerful in nasas rankingthe sun is approaching something called solar maximum which is when it is most active in an year cycleas the sun continues in this active phase earth is more likely to be hit by strong geomagnetic storms meaning there is higher chance of seeing the aurora borealis for the next few monthsbut scientists only know if solar maximum has happened six months after the event because they use six months of data analysing the intensity and frequency of sun spotscurrent predictions suggest we could reach solar maximum at the end of or early bbc weather presenter simon king says the uk weather does not look good for people hoping to spot the aurora this weekendit would just be the far northeast of scotland getting the odd break in the cloud for a short time he saysif activity turns out to be a bit stronger the best of the clear skies on friday night will be more towards central and south englandhe says clouds may hamper viewings on saturday night despite the evening starting with a lot of clear skiescopyright bbc,BbcNorthernLightsNews,newsArticle
all rights reserved,BbcNorthernLightsNews,newsArticle
the bbc is not responsible for the content of external sites,BbcNorthernLightsNews,newsArticle
read about our approach to external linking,BbcNorthernLightsNews,newsArticle
after years of relative somnolence the sun is beginning to stir,AstronomyEnsembleForecastingNews,newsArticle
by the time its fully awake in about months the team at nasas goddard space flight center in greenbelt maryland who are charged with researching and tracking solar activity will have at their disposal a greatly enhanced forecasting capability,AstronomyEnsembleForecastingNews,newsArticle
goddards space weather laboratory recently received support under nasas space technology program gamechanging program to implement ensemble forecasting a computer technique already used by meteorologists to track potential paths and impacts of hurricanes and other severe weather events,AstronomyEnsembleForecastingNews,newsArticle
instead of analyzing one set of solarstorm conditions as is the case now goddard forecasters will be able to simultaneously produce as many as computerized forecasts by calculating multiple possible conditions or in the parlance of heliophysicists parameters,AstronomyEnsembleForecastingNews,newsArticle
just as important they will be able to do this quickly and use the information to provide alerts of space weather storms that could potentially be harmful to astronauts and nasa spacecraft,AstronomyEnsembleForecastingNews,newsArticle
space weather alerts are available now but we want to make them better said michael hesse from goddards space weather laboratory,AstronomyEnsembleForecastingNews,newsArticle
ensemble forecasting will provide a distribution of arrival times which will improve the reliability of forecasts,AstronomyEnsembleForecastingNews,newsArticle
this is important,AstronomyEnsembleForecastingNews,newsArticle
society is relying more so than ever on space,AstronomyEnsembleForecastingNews,newsArticle
communications navigation electricalpower generation all are all susceptible to space weather,AstronomyEnsembleForecastingNews,newsArticle
once its implemented there will be nothing like this in the world,AstronomyEnsembleForecastingNews,newsArticle
no one has done ensemble forecasting for space weather,AstronomyEnsembleForecastingNews,newsArticle
the stateoftheart capability which hesses group is implementing now and expects to complete within three years couldnt come too soon either,AstronomyEnsembleForecastingNews,newsArticle
sun growing restlesssince the sun reached its solar minimum in the period when the number of sunspots is lowest it has begun to awaken from its slumber,AstronomyEnsembleForecastingNews,newsArticle
on august  the sun unleashed a near xclass solar flare that erupted near an earthfacing sunspot,AstronomyEnsembleForecastingNews,newsArticle
although flares dont always produce coronal mass ejections cmes gigantic bubbles of charged particles that can carry up to billion tons of matter and accelerate to several million miles per hour as they erupt from the suns atmosphere and stream through interplanetary space this one did,AstronomyEnsembleForecastingNews,newsArticle
the cme overtook two previous cmes all occurring within hours and combined into a triple threat,AstronomyEnsembleForecastingNews,newsArticle
luckily for people on earth the cmes produced only a moderate geomagnetic storm when solar particles streamed down the field lines toward earths poles and collided with atoms of nitrogen and oxygen in the atmosphere,AstronomyEnsembleForecastingNews,newsArticle
even so it was the strongest storm in many years said antti pulkkinen one of the laboratorys chief forecasters,AstronomyEnsembleForecastingNews,newsArticle
however the repercussions could be far worse in the future,AstronomyEnsembleForecastingNews,newsArticle
as part of its year cycle the sun is entering solar maximum the period of greatest activity,AstronomyEnsembleForecastingNews,newsArticle
it is expected to peak in ,AstronomyEnsembleForecastingNews,newsArticle
during this time more powerful cmes often associated with m and xclass flare events become more numerous and can affect any planet or spacecraft in its path,AstronomyEnsembleForecastingNews,newsArticle
in the past solar storms have disrupted power grids on earth and damaged instrumentation on satellites,AstronomyEnsembleForecastingNews,newsArticle
they also can be harmful to astronauts if they are not warned to take protective cover,AstronomyEnsembleForecastingNews,newsArticle
no one knows exactly what the sun will do pulkkinen said,AstronomyEnsembleForecastingNews,newsArticle
we cant even tell in a week let alone a year or two what the sun will do,AstronomyEnsembleForecastingNews,newsArticle
all we know is that the sun will be more active,AstronomyEnsembleForecastingNews,newsArticle
given the expected uptick in activity hesse pulkkinen and yihua zheng another chief forecaster were anxious to enhance their forecasting acumen,AstronomyEnsembleForecastingNews,newsArticle
they partnered with the space radiation analysis group at nasas johnson space center in houston texas which is responsible for ensuring that astronauts exposure to deadly radiation remains below established safety levels and won nasa funding to develop the integrated advanced alertwarning systems for solar proton events,AstronomyEnsembleForecastingNews,newsArticle
weaknesses in current systemensemble forecasting holds the key to an enhanced alert systemhesse said,AstronomyEnsembleForecastingNews,newsArticle
we agreed that this was the way to go,AstronomyEnsembleForecastingNews,newsArticle
currently the laboratory is running one cme model calculating one set of parameters at a time,AstronomyEnsembleForecastingNews,newsArticle
the parameters are derived from near realtime data gathered by nasas solar dynamics observatory the solar terrestrial relations observatory and the solar and heliospheric observatory among others,AstronomyEnsembleForecastingNews,newsArticle
but since all of these are scientific research missions we have no guarantee of a continuous realtime data stream zheng said,AstronomyEnsembleForecastingNews,newsArticle
furthermore imperfections exist in the data,AstronomyEnsembleForecastingNews,newsArticle
these imperfections grow over time leading to forecasts that dont agree with the evolution of actual conditions,AstronomyEnsembleForecastingNews,newsArticle
for nasa the air force and other organizations that use goddards forecasts to decide whether steps are needed to protect space assets and astronauts uncertainty is as unwelcome as the storm itself,AstronomyEnsembleForecastingNews,newsArticle
ensemble forecasting however overcomes the weaknesses by allowing forecasters to tweak the conditions,AstronomyEnsembleForecastingNews,newsArticle
generating different parameters is easy just varying a little bit of all parameters involved in characterizing a cme such as its speed propagation direction and angular extent zheng said,AstronomyEnsembleForecastingNews,newsArticle
in essence the multiple forecasts provide information on the different ways the cme can evolve over the next few hours,AstronomyEnsembleForecastingNews,newsArticle
well be able to characterize the uncertainties in our forecasts which is almost as important as the forecast itselfpulkkinen said,AstronomyEnsembleForecastingNews,newsArticle
the team has already installed new computer systems to run the varying calculations and hopes to develop the ability to generate more specialized forecasts,AstronomyEnsembleForecastingNews,newsArticle
we recognize there is a huge gap in our current capability pulkkinen said,AstronomyEnsembleForecastingNews,newsArticle
we certainly dont want to miss the solar maximum with this capability,AstronomyEnsembleForecastingNews,newsArticle
were really pushing the envelope to have it done,AstronomyEnsembleForecastingNews,newsArticle
when we do well be the first in the world to have it,AstronomyEnsembleForecastingNews,newsArticle
when this forecasting technique is verified and validated by nasas space weather laboratory the capability will be made available to noaas space weather prediction center which is responsible for issuing national space weather alerts,AstronomyEnsembleForecastingNews,newsArticle
nasas goal to understand and track space weather activity will enable a greatly enhanced forecasting capability for us interests,AstronomyEnsembleForecastingNews,newsArticle
on feb   spacex launched satellites as part of elon musks starlink internet project most of which burned up in the atmosphere days later,AstronomySolarStormsNews,newsArticle
the cause of this more than us million failure was a geomagnetic storm caused by the sun,AstronomySolarStormsNews,newsArticle
geomagnetic storms occur when space weather hits and interacts with the earth,AstronomySolarStormsNews,newsArticle
space weather is caused by fluctuations within the sun that blast electrons protons and other particles into space,AstronomySolarStormsNews,newsArticle
i study the hazards space weather poses to spacebased assets and how scientists can improve the models and prediction of space weather to protect against these hazards,AstronomySolarStormsNews,newsArticle
when space weather reaches earth it triggers many complicated processes that can cause a lot of trouble for anything in orbit,AstronomySolarStormsNews,newsArticle
and engineers like me are working to better understand these risks and defend satellites against them,AstronomySolarStormsNews,newsArticle
the sun occasionally blasts huge amounts of particles into space during active events like solar flares and coronal mass ejections,AstronomySolarStormsNews,newsArticle
what causes space weather,AstronomySolarStormsNews,newsArticle
the sun is always releasing a steady amount of charged particles into space,AstronomySolarStormsNews,newsArticle
this is called the solar wind,AstronomySolarStormsNews,newsArticle
solar wind also carries with it the solar magnetic field,AstronomySolarStormsNews,newsArticle
sometimes localized fluctuations on the sun will hurl unusually strong bursts of particles in a particular direction,AstronomySolarStormsNews,newsArticle
if earth happens to be in the path of the enhanced solar wind generated by one of these events and gets hit you get a geomagnetic storm,AstronomySolarStormsNews,newsArticle
the two most common causes of geomagnetic storms are coronal mass ejections explosions of plasma from the surface of the sun and solar wind that escapes through coronal holes spots of low density in the suns outer atmosphere,AstronomySolarStormsNews,newsArticle
the speed at which the ejected plasma or solar wind arrives at earth is an important factor the faster the speed the stronger the geomagnetic storm,AstronomySolarStormsNews,newsArticle
normally solar wind travels at roughly  mph ,AstronomySolarStormsNews,newsArticle
million kph,AstronomySolarStormsNews,newsArticle
but strong solar events can release winds up to five times as fast,AstronomySolarStormsNews,newsArticle
the strongest geomagnetic storm on record was caused by a coronal mass ejection in september ,AstronomySolarStormsNews,newsArticle
when the mass of particles hit earth they caused electrical surges in telegraph lines that shocked operators and in some extreme cases actually set telegraph instruments on fire,AstronomySolarStormsNews,newsArticle
research suggests that if a geomagnetic storm of this magnitude hit earth today it would cause roughly trillion in damagea magnetic shield emissions from the sun including the solar wind would be incredibly dangerous to any life form unlucky enough to be directly exposed to them,AstronomySolarStormsNews,newsArticle
thankfully earths magnetic field does a lot to protect humanity,AstronomySolarStormsNews,newsArticle
the first thing solar wind hits as it approaches earth is the magnetosphere,AstronomySolarStormsNews,newsArticle
this region surrounding the earths atmosphere is filled with plasma made of electrons and ions,AstronomySolarStormsNews,newsArticle
its dominated by the planets strong magnetic field,AstronomySolarStormsNews,newsArticle
when solar wind hits the magnetosphere it transfers mass energy and momentum into this layer,AstronomySolarStormsNews,newsArticle
the magnetosphere can absorb most of the energy from the everyday level of solar wind,AstronomySolarStormsNews,newsArticle
but during strong storms it can get overloaded and transfer excess energy to the upper layers of earths atmosphere near the poles,AstronomySolarStormsNews,newsArticle
this redirection of energy to the poles is what results in fantastic aurora events but it also causes changes in the upper atmosphere that can harm space assetsdangers to whats in orbit there a few different ways geomagnetic storms threaten orbiting satellites that serve people on the ground daily,AstronomySolarStormsNews,newsArticle
when the atmosphere absorbs energy from magnetic storms it heats up and expands upward,AstronomySolarStormsNews,newsArticle
this expansion significantly increases the density of the thermosphere the layer of the atmosphere that extends from about miles  kilometers to roughly miles  km above the surface of the earth,AstronomySolarStormsNews,newsArticle
higher density means more drag which can be a problem for satellitesstarlink satellites are released in batches and were destroyed in early february because of a geomagnetic storm,AstronomySolarStormsNews,newsArticle
spacex via wikimediacommons this situation is exactly what led to the demise of the the spacex starlink satellites in february,AstronomySolarStormsNews,newsArticle
starlink satellites are dropped off by falcon rockets into a lowaltitude orbit typically somewhere between and miles  and km above the earths surface,AstronomySolarStormsNews,newsArticle
the satellites then use onboard engines to slowly overcome the force of drag and raise themselves to their final altitude of approximately miles  km,AstronomySolarStormsNews,newsArticle
the latest batch of starlink satellites encountered a geomagnetic storm while still in very lowearth orbit,AstronomySolarStormsNews,newsArticle
their engines could not overcome the significantly increased drag and the satellites began slowly falling toward earth and eventually burned up in the atmosphere,AstronomySolarStormsNews,newsArticle
drag is just one hazard that space weather poses to spacebased assets,AstronomySolarStormsNews,newsArticle
the significant increase in highenergy electrons within the magnetosphere during strong geomagnetic storms means more electrons will penetrate the shielding on a spacecraft and accumulate within its electronics,AstronomySolarStormsNews,newsArticle
this buildup of electrons can discharge in what is basically a small lightning strike and damage electronics,AstronomySolarStormsNews,newsArticle
penetrating radiation or charged particles in the magnetosphere even during mild geomagnetic storms can also alter the output signal from electronic devices,AstronomySolarStormsNews,newsArticle
this phenomenon can cause errors in any part of a spacecrafts electronics system and if the error occurs in something critical the entire satellite can fail,AstronomySolarStormsNews,newsArticle
small errors are common and usually fixable but total failures though rare do happen,AstronomySolarStormsNews,newsArticle
finally geomagnetic storms can disrupt the ability of satellites to communicate with earth using radio waves,AstronomySolarStormsNews,newsArticle
many communications technologies like gps for example rely on radio waves,AstronomySolarStormsNews,newsArticle
the atmosphere always distorts radio waves by some amount  so engineers correct for this distortion when building communication systems,AstronomySolarStormsNews,newsArticle
but during geomagnetic storms changes in the ionosphere the charged equivalent of the thermosphere that spans roughly the same altitude range will change how radio waves travel through it,AstronomySolarStormsNews,newsArticle
the calibrations in place for a quiet atmosphere become wrong during geomagnetic storms,AstronomySolarStormsNews,newsArticle
this for example makes it difficult to lock onto gps signals and can throw off the positioning by a few meters,AstronomySolarStormsNews,newsArticle
for many industries aviation maritime robotics transportation farming military and others gps positioning errors of a few meters are simply not tenable,AstronomySolarStormsNews,newsArticle
autonomous driving systems will require accurate positioning as well,AstronomySolarStormsNews,newsArticle
how to protect against space weather satellites are critically important for much of the modern world to function and protecting space assets from space weather is an important area of research,AstronomySolarStormsNews,newsArticle
some of the risks can be minimized by shielding electronics from radiation or developing materials that are more resistant to radiation,AstronomySolarStormsNews,newsArticle
but there is only so much shielding that can be done in the face of a powerful geomagnetic storm,AstronomySolarStormsNews,newsArticle
the ability to accurately forecast storms would make it possible to preemptively safeguard satellites and other assets to a certain extent by shutting down sensitive electronics or reorienting the satellites to be better protected,AstronomySolarStormsNews,newsArticle
but while the modeling and forecasting of geomagnetic storms has significantly improved over the past few years the projections are often wrong,AstronomySolarStormsNews,newsArticle
the national oceanic and atmospheric administration had warned that following a coronal mass ejection a geomagnetic storm was likely to occur the day before or the day of the february starlink launch,AstronomySolarStormsNews,newsArticle
the mission went ahead anyway,AstronomySolarStormsNews,newsArticle
the sun is like a child that often throws tantrums,AstronomySolarStormsNews,newsArticle
its essential for life to go on but its everchanging disposition make things challenging,AstronomySolarStormsNews,newsArticle
piyush mehta assistant professor of mechanical and aerospace engineering west virginia university this article is republished from the conversation under a creative commons license,AstronomySolarStormsNews,newsArticle
read the original article,AstronomySolarStormsNews,newsArticle
january  a nasafunded study describes how extreme solar eruptions could have severe consequences for communications power grids and other technology on earth,AstronomySevereSpaceWeatherNews,newsArticle
the national academy of sciences in washington conducted the study,AstronomySevereSpaceWeatherNews,newsArticle
the resulting report provides some of the first clear economic data that effectively quantifies todays risk of extreme conditions in space driven by magnetic activity on the sun and disturbances in the nearearth environment,AstronomySevereSpaceWeatherNews,newsArticle
instances of extreme space weather are rare and are categorized with other natural hazards that have a low frequency but high consequences,AstronomySevereSpaceWeatherNews,newsArticle
obviously the sun is earths life blood said richard fisher director of the heliophysics division at nasa headquarters in washington,AstronomySevereSpaceWeatherNews,newsArticle
to mitigate possible public safety issues it is vital that we better understand extreme space weather events caused by the suns activity,AstronomySevereSpaceWeatherNews,newsArticle
besides emitting a continuous stream of plasma called the solar wind the sun periodically releases billions of tons of matter called coronal mass ejections,AstronomySevereSpaceWeatherNews,newsArticle
these immense clouds of material when directed toward earth can cause large magnetic storms in the magnetosphere and upper atmosphere,AstronomySevereSpaceWeatherNews,newsArticle
such space weather can affect the performance and reliability of spaceborne and groundbased technological systems,AstronomySevereSpaceWeatherNews,newsArticle
space weather can produce solar storm electromagnetic fields that induce extreme currents in wires disrupting power lines causing widespread blackouts and affecting communication cables that support the internet,AstronomySevereSpaceWeatherNews,newsArticle
severe space weather also produces solar energetic particles and the dislocation of earths radiation belts that can damage satellites used for commercial communications global positioning and weather forecasting,AstronomySevereSpaceWeatherNews,newsArticle
space weather has caused problems with new technology since the invention of the telegraph in the th century,AstronomySevereSpaceWeatherNews,newsArticle
a catastrophic failure of commercial and government infrastructure in space and on the ground can be mitigated through raising public awareness improving vulnerable infrastructure and developing advanced forecasting capabilities,AstronomySevereSpaceWeatherNews,newsArticle
without preventive actions or plans the trend of increased dependency on modern spaceweather sensitive assets could make society more vulnerable in the future,AstronomySevereSpaceWeatherNews,newsArticle
nasa requested the study to assess the potential damage from significant space weather during the next years,AstronomySevereSpaceWeatherNews,newsArticle
national and international experts from industry government and academia participated in the study,AstronomySevereSpaceWeatherNews,newsArticle
the report documents the possibility of a space weather event that has societal effects and causes damage similar to natural disasters on earth,AstronomySevereSpaceWeatherNews,newsArticle
from a public policy perspective it is quite significant that we have begun the extremely challenging task of assessing spaceweather impacts in a quantitative way said daniel baker professor and director of the laboratory for atmospheric and space physics at the university of colorado in boulder,AstronomySevereSpaceWeatherNews,newsArticle
whether it is terrestrial catastrophes or extreme space weather incidents the results can be devastating to modern societies that depend in a myriad of ways on advanced technological systems said baker,AstronomySevereSpaceWeatherNews,newsArticle
we were delighted that nasa helped support bringing together dozens of world experts from industry and government to share their experiences and begin planning of improved public policy strategies,AstronomySevereSpaceWeatherNews,newsArticle
the sun is currently near the minimum of its year activity cycle,AstronomySevereSpaceWeatherNews,newsArticle
it is expected that solar storms will increase in frequency and intensity toward the next solar maximum expected to occur around ,AstronomySevereSpaceWeatherNews,newsArticle
buckle up an unusual amount of solar activity this week could disrupt some of the most important technologies society relies onon thursday the us government issued its first severe geomagnetic storm watch in nearly years advising the public of at least five earthdirected coronal mass ejections as well as sunspots covering an area times wider than the earth itself,CnnSolarStormGpsNews,newsArticle
a severe geomagnetic storm or g is the secondhighest grade in the us governments classification systemradiation from this activity began to hit the earths magnetic field on friday and will last through the weekend said the national oceanic and atmospheric administration noaa,CnnSolarStormGpsNews,newsArticle
on friday evening noaa upgraded the storm to g or extreme marking the first such event since october noaas warning of extreme space weather suggests the storm could trigger numerous effects for life on earth possibly affecting the power grid as well as satellite and high frequency radio communications,CnnSolarStormGpsNews,newsArticle
heres what that means for technology usersthe solar activity noaas talking about involves the release of energy from the sun that travels through space and eventually reaches earthwhen that radiation hits the magnetic sphere surrounding the planet it causes fluctuations in the ionosphere a layer of the upper atmospherethose changes can directly affect satellites and other spacecraft in orbit altering their orientation or potentially knocking out their electronicsmoreover the changes to the ionosphere can block or degrade radio transmissions trying to pass through the atmosphere to reach satellites,CnnSolarStormGpsNews,newsArticle
and they can also prevent radio transmissions from successfully bouncing off the ionosphere which some radio operators normally do to increase the range of their signalssince gps satellites depend on signals penetrating the ionosphere the geomagnetic disturbance scientists are expecting could affect that critical technology used by planes oceangoing vessels and in the agriculture and oil and gas industries,CnnSolarStormGpsNews,newsArticle
and it could affect shortwave radio transmissions used by ships and aircraft emergency management agencies the military and even ham radio operators all of whom rely on the high frequency radio airwaves that noaa says could be scattered by the stormgeomagnetic storms can impact infrastructure in nearearth orbit and on earths surface potentially disrupting communications the electric power grid navigation radio and satellite operations noaas space weather prediction center said in a release,CnnSolarStormGpsNews,newsArticle
swpc has notified the operators of these systems so they can take protective actionconsumer wireless networks rely on different radio frequencies than the high frequency band so it appears unlikely that the storm will directly affect cellular service,CnnSolarStormGpsNews,newsArticle
the gps features on your phone also typically use a mix of pure gps and cellular towerbased location tracking so even if gps signals are disrupted phone users may still be able to maintain a rough location fixso long as the underlying electrical infrastructure that supports wireless networks remains unaffected even an extreme space weather event should result in minimal direct impact to public safety line ofsight radio and commercial cellular services and no firstorder impact to consumer electronic devices according to researchers summarizing the findings of a study of extreme space weather conducted by noaa and the federal emergency management agencythe cybersecurity and infrastructure security agency outlined a similar report in a presentation on space weather finding that lineofsight radio transmissions are generally not affected by space weather except in specific situations,CnnSolarStormGpsNews,newsArticle
the presentation did note some risks for copper cables and telephone lines based on landin a slightly different scenario in february noaa noted two major solar flares,CnnSolarStormGpsNews,newsArticle
but despite widely reported cellular network outages around the same time the agency said it was highly unlikely that the flares played a role in those blackoutson friday noaa officials reiterated that the impact to cell phones this weekend should be slim to none unless there are broad disruptions to the power gridweve not seen any evidence in the past that a space weather storm could impact that now brent gordon chief of the space weather services branch for swpc told reporters on a conference call,CnnSolarStormGpsNews,newsArticle
if power is not available for those then yes certainly the secondary impacts from that would be greatsevere space weather can jeopardize power grids according to noaa whose alert this week said to expect possible widespread voltage control problems and that some protective systems may mistakenly trip out key assets from the power gridin  a space weather event led to a massive blackout in quebec canada for more than nine hours after geomagnetic fluctuations damaged transformers and other important equipmentin october an extreme geomagnetic storm stronger than the one predicted for this weekend led to power outages in sweden and damaged power transformers in south africa the swpc saidthe largest known geomagnetic storm in history known as the carrington event of  caused telegraph stations to spark and catch firea blackout of the electrical grid could have cascading effects for communications and other technologies including cellphones,CnnSolarStormGpsNews,newsArticle
cellular towers might lose power as could the data centers that host websites and their informationstill many wireless carriers providers already maintain backup power generators and mobile cellular towers that they can deploy in the event of a natural disaster or other major incident,CnnSolarStormGpsNews,newsArticle
redundancy and resiliency are watchwords of all critical infrastructure providers so even if the power grid did fail consumers might have to worry more about how to keep their phones charged rather than whether they could stay onlineas if to underscore that point the us governments advice to the public on how to prepare for a space weather event largely resembles the same steps youd take in response to an extended power outagefor example the government recommends keeping extra batteries or a handpowered charger available for small electronic devices,CnnSolarStormGpsNews,newsArticle
officials say you may want to disconnect electric appliances to protect them from power surges and limit your electricity usage during a solar weather event,CnnSolarStormGpsNews,newsArticle
you may also want to keep your cars gas tank at least halffull so that you do not need to visit a gas station which needs electricity to operate the pumpscnns ashley strickland contributed to this report,CnnSolarStormGpsNews,newsArticle
forecasters will soon be able to see realtime mapping of lightning activity on earth and keep a closer eye on solar storms unleashed by the sun thanks to a new weather satellitetogether nasa and the national oceanic and atmospheric administration launched goesu or the geostationary operational environmental satellite u mission on tuesdaythe weather satellite lifted off aboard a spacex falcon heavy rocket from kennedy space center in florida at  pm et,CnnSatelliteNews,newsArticle
the launch streamed live on nasas website,CnnSatelliteNews,newsArticle
weather conditions in florida were favorable for a launch at the beginning of the launch windowgoesu is the fourth final satellite in the geostationary operational environmental satellites r series the western hemispheres most sophisticated weatherobserving and environmentalmonitoring system according to noaathe goesr series of satellites has been a game changer for us said ken graham director of noaas national weather service during a monday news conference,CnnSatelliteNews,newsArticle
since the first launch of the series in  the latest generation of goes has enabled new and improved forecasts and warnings services to help save lives and protect propertyonce goesu reaches a geostationary orbit or a circular orbit above earths equator the satellite will be renamed goes or goes east,CnnSatelliteNews,newsArticle
the satellite will replace goes the former goes east satellite launched in  and work in tandem with goes also called goes west,CnnSatelliteNews,newsArticle
meanwhile the goes satellite will essentially become an onorbit backup for the system in case one of the satellites goes downtogether the goes and goes satellites will collect atmospheric solar climatic and ocean data and cover more than half the globe from the west coast of africa to new zealandwhat sets goesu apart from other satellites is that its carrying a new capability to keep an eye on space weatheras the sun nears solar maximum the peak in its year cycle expected this year it becomes more active,CnnSatelliteNews,newsArticle
researchers have observed increasingly intense solar flares and coronal mass ejections erupting from the suns surfacecoronal mass ejections are large clouds of ionized gas called plasma and magnetic fields that release from the suns outer atmospherewhen these outbursts are directed at earth they can cause geomagnetic storms or major disturbances of earths magnetic field,CnnSatelliteNews,newsArticle
with these events there is always a chance that communications the electric power grid navigation and radio and satellite operations will be affectedthe most intense solar storm to impact earth in years occurred on may  but fortunately it only caused auroras to shine over states that never see the northern lightsincreased solar activity causes auroras that dance around earths poles known as the northern lights or aurora borealis and southern lights or aurora australis,CnnSatelliteNews,newsArticle
when the energized particles from coronal mass ejections reach earths magnetic field they interact with gases in the atmosphere to create different colored lights in the skygoesu carries multiple instruments that will improve the detection of space weather hazards including the compact coronagraph that can detect solar flares and coronal mass ejections as well as characterize the size velocity density and direction of these solar stormsthe coronagraph will provide continuous observations of the solar corona or the hot outer layer of the suns atmosphere which is where space weather events originate said elsayed talaat director of noaas office of space weather observationsthe instruments capabilities will allow noaas space weather prediction center to issue warnings and watches one to four days in advance and mark a new chapter in space weather observatoions talaat saidthe compact coronagraph is the worlds firstever operational satellite coronagraph to better monitor the sun said steve volz assistant administrator for noaas satellite and information servicethis new instrument will deliver imagery of the suns corona to our forecasters at the space weather prediction center within minutes and thats compared to the previous time it used to take about eight hours graham said,CnnSatelliteNews,newsArticle
geomagnetic storms can impact our infrastructure here on earth by putting our power grid communications navigation systems aviation and spacebased assets at risk,CnnSatelliteNews,newsArticle
having a better and faster observation will help us better alert our infrastructure providers and potential hazards so they can take actionfrom orbit goesu will monitor weather climate and environmental hazards across north central and south america the caribbean and the atlantic ocean to the west coast of africafrom its unique vantage point goesu will be able to spot tropical storms send alerts to forecasters as the storms form in the atlantic ocean and provide near realtime tracking and monitoringthe satellite carries a suite of science instruments including imaging and mapping technology that will enable it to capture valuable data on hurricanes including upperlevel wind speeds specific features about the hurricanes eye and lightning activity all of which can help forecasters better understand potential risksgoesu will carry the first operational lightning mapper flown in geostationary orbit,CnnSatelliteNews,newsArticle
as storms develop they tend to show spikes in lightning activity,CnnSatelliteNews,newsArticle
understanding how storms develop and intensify can help meteorologists to better predict whether storms will be capable of causing flash flooding producing hail damaging winds or spawning tornadoesthe lightning mapper will take pictures of the earth at a rate of times per second in order to track lightning like never before sullivan saidthe main camera on goesu can zoom in to track dangerous weather and environmental conditions as often as every seconds a capability that enables better warning systems said pam sullivan director of the goesr program for noaaforecasters can also use goesus instruments to identify the risks of wildfires including hot spots intensity smoke output and air quality impacts and even data that can help trackers predict the motion of the fires,CnnSatelliteNews,newsArticle
the satellite can also use its lightning mapper to determine which lightning strikes are the likeliest of igniting wildfiresother environmental hazards goesu can track include realtime imagery of fog and low clouds that can impact air and sea travel as well as detecting volcanic eruptions and the ash and sulfur dioxide belched out by volcanoes,CnnSatelliteNews,newsArticle
goesu will also be able to monitor atmospheric river events or large sections of earths atmosphere that carry moisture from the equator to the poles that are capable of causing flooding and mudslidesin addition to early warning of hurricane formation goesu can also collect climate data on earths oceans such as signs of marine heat waves and sea surface temperatures which impact the marine food chain and can lead to mass coral bleaching events,CnnSatelliteNews,newsArticle
space weather forecasts designed to keep the multibilliondollar satellite industry safe from hazards while in orbit fall short of whats needed and are prone to errors according to space expertsa new study published by american geophysical union examined the shortfalls of space forecasts and scrutinized a february event where starlink satellites were destroyed during a prolonged geomagnetic storma geomagnetic storm can last for days and happens when there is a disruption of earths magnetic fieldin the debilitating spacex event an analysis found the satellites experienced increased drag which made it impossible for the hightech machines to find orbitthe satellites fell harmlessly into earths atmosphere where the more than pound objects burned upgeomagnetic storm causes destruction of new starlink satellitesthe national oceanic and atmospheric administration said spacex engineers had the latest space weather forecast but it was simply not adequate to understand the potential impacts of the geomagnetic stormnoaa has used a point scale to rank activity but the study authors claim the current forecasts are insufficient,FoxSpaceWeatherSatellitesNews,newsArticle
commercial satellite operators receive general forecasts watch warnings and alerts through noaas data and web services but none are currently specifically focused on satellite drag at lowearth orbit,FoxSpaceWeatherSatellitesNews,newsArticle
thus it is critical for swpc to establish alerts and warnings for thermospheric density enhancement conditions,FoxSpaceWeatherSatellitesNews,newsArticle
this information will certainly become essential when dealing with space traffic coordination in an increasingly crowded space environment during both geomagnetic quiet and perturbed conditions study authors stateda fix may be challenging as authors believe noaa needs increased observations and data to improve space weather forecast modelsthese are the categories that measure geomagnetic stormswith increased data it is hoped that experts will be better able to predict arrival times and magnitudes of geomagnetic activity producem more accurate forecasts and improve cooperation with satellite operatorsnoaa expects similar type events to what destroyed the starlink satellites to become more frequent as the suns activity ramps up and reaches its solar maximum around during a solar maximum eruptions from the sun increase and emit powerful eruptions of energy into spacethis uptick in activity can impact everything from space programs to communications and electronics on earths surfaceif the magnitude and arrival times are accurately predicted complex space systems can be put in safe mode to better weather the impacts,FoxSpaceWeatherSatellitesNews,newsArticle
a worstcase solar storm could have an economic impact similar to a category hurricane or a tsunami dr sten odenwald an expert at nasas goddard space flight center previously stated,FoxSpaceWeatherSatellitesNews,newsArticle
